id,brand,model,year,price,hp,fuel_type,mileage,body_type,transmission,country,url
f4169f2f-9bd2-449a-af64-eb1d921e59d0,Mazda,CX-5,2017,6999,150.0,Diesel,106208,compact,Automatic,DE,https://www.autoscout24.com/offers/mazda-cx-5-automatik-klima-navi-rueckfahrk-xenon-diesel-silver-f4169f2f-9bd2-449a-af64-eb1d921e59d0
26400949-a021-47f3-812b-e34fbb0055cc,Peugeot,3008,2017,14950,131.0,Gasoline,77810,compact,Automatic,NL,https://www.autoscout24.com/offers/peugeot-3008-1-2-puretech-gt-line-trekhaak-afneembare-kogel-gasoline-white-26400949-a021-47f3-812b-e34fbb0055cc
1d96baa5-639d-4c7b-b20b-1e86692d36b1,Suzuki,Vitara,2017,11490,120.0,Gasoline,116236,compact,Manual,AT,https://www.autoscout24.com/offers/suzuki-vitara-1-6-clear-gasoline-grey-1d96baa5-639d-4c7b-b20b-1e86692d36b1
d7bf0ecf-cb4d-409f-94ce-e332cd09eea3,Skoda,Fabia,2017,9740,90.0,Gasoline,72535,compact,Manual,DE,https://www.autoscout24.com/offers/skoda-fabia-1-2-tsi-ambition-pdc-shz-klima-garantie-gasoline-grey-d7bf0ecf-cb4d-409f-94ce-e332cd09eea3
9cd34d75-4e74-4733-b3c8-766dcb231555,Ford,Focus,2017,9950,150.0,Gasoline,141706,compact,Manual,NL,https://www.autoscout24.com/offers/ford-focus-wagon-1-5-red-edition-st-line--100-onderhouden--gasoline-red-9cd34d75-4e74-4733-b3c8-766dcb231555
c46ded2a-9f1b-4c2c-97ab-ee21f71d40d9,Volkswagen,Tiguan,2017,23999,150.0,Diesel,69999,compact,Manual,AT,https://www.autoscout24.com/offers/volkswagen-tiguan-2-0tdi-comfortline-4motion-nur-69999km-top-diesel-silver-c46ded2a-9f1b-4c2c-97ab-ee21f71d40d9
44b6e882-cda5-4f66-894e-508540e7c2fb,Audi,A4,2017,17450,190.0,Gasoline,192924,compact,Automatic,NL,https://www.autoscout24.com/offers/audi-a4-limousine-2-0tfsi-190pk-aut--sport-lease-edition-gasoline-grey-44b6e882-cda5-4f66-894e-508540e7c2fb
7fc78052-78d3-4733-9c81-39aab11fed6c,MINI,Cooper,2017,13500,136.0,Gasoline,83587,compact,Manual,NL,https://www.autoscout24.com/offers/mini-cooper-mini-1-5-chili-serious-business-navi-ecc-lm-cruise-gasoline-black-7fc78052-78d3-4733-9c81-39aab11fed6c
e869dde6-220b-483b-85c2-423ce06c45e0,Renault,Clio,2017,8490,73.0,Gasoline,62576,compact,Manual,AT,https://www.autoscout24.com/offers/renault-clio-zen-1-2-16v-75-gasoline-black-e869dde6-220b-483b-85c2-423ce06c45e0
3033f946-ad91-48d6-bf3d-2106a4f93206,Mercedes-Benz,GLE 63 AMG,2017,59995,557.0,Gasoline,135123,compact,Automatic,NL,https://www.autoscout24.com/offers/mercedes-benz-gle-63-amg-coupe-amg-4matic-gasoline-black-3033f946-ad91-48d6-bf3d-2106a4f93206
ad64d6fa-42ef-4ea3-866b-43ad2d61c924,Volkswagen,Golf,2017,18999,310.0,Gasoline,200000,compact,Semi-automatic,IT,https://www.autoscout24.com/offers/volkswagen-golf-golf-vii-2017-5p-5p-2-0-tsi-r-4motion-310cv-dsg-gasoline-blue-ad64d6fa-42ef-4ea3-866b-43ad2d61c924
9ea02d9d-585c-4ede-8826-2499cd5939d7,Volvo,XC60,2017,22390,190.0,Diesel,93800,compact,Automatic,DE,https://www.autoscout24.com/offers/volvo-xc60-summum-2wd-el-panodach-navi-leder-digitales-cockp-diesel-black-9ea02d9d-585c-4ede-8826-2499cd5939d7
461c870a-a257-4718-877e-3bf6ec469e72,Volkswagen,Golf,2017,15980,125.0,Gasoline,91810,compact,Manual,DE,https://www.autoscout24.com/offers/volkswagen-golf-vii-1-4-tsi-bmt-comfortline-el-panodach-navi-soun-gasoline-black-461c870a-a257-4718-877e-3bf6ec469e72
b1425bb4-b273-45ac-92ae-cf4f8413aba0,SEAT,Ateca,2017,15490,150.0,Diesel,132981,compact,Manual,AT,https://www.autoscout24.com/offers/seat-ateca-2-0-tdi-4drive-xcellence-led-ahk-radar-navi-diesel-white-b1425bb4-b273-45ac-92ae-cf4f8413aba0
bc681c32-cbb3-4eec-94b4-db18000264d0,Citroen,C3,2017,9200,82.0,Gasoline,102000,compact,Manual,IT,https://www.autoscout24.com/offers/citroen-c3-1-2-puretech-shine-gasoline-black-bc681c32-cbb3-4eec-94b4-db18000264d0
9300d37c-e917-4782-9705-b16aa5b93f2b,Volkswagen,Tiguan,2017,24000,150.0,Gasoline,98747,compact,Automatic,NL,https://www.autoscout24.com/offers/volkswagen-tiguan-1-4-tsi-act-r-line-150pk-panorama-dak-leren-gasoline-black-9300d37c-e917-4782-9705-b16aa5b93f2b
257a823b-d4c9-4b8a-9d44-910a10f12eaf,SEAT,Ibiza,2017,6845,95.0,Gasoline,167528,compact,Manual,NL,https://www.autoscout24.com/offers/seat-ibiza-1-0-ecotsi-style-navi-carplay-airco-cruise-trekhaa-gasoline-blue-257a823b-d4c9-4b8a-9d44-910a10f12eaf
6206f6e2-e3af-451e-a4d5-8be249ee454d,SEAT,Ibiza,2017,13950,95.0,Gasoline,66120,compact,Manual,NL,https://www.autoscout24.com/offers/seat-ibiza-1-0-tsi-fr-business-intense-2e-eig-topstaat-gasoline-6206f6e2-e3af-451e-a4d5-8be249ee454d
e65df657-6498-4ad1-ba49-601ee99230aa,MINI,Cooper D Countryman,2017,15900,150.0,Diesel,94500,compact,Automatic,IT,https://www.autoscout24.com/offers/mini-cooper-d-countryman-mini-countryman-f60-2017-2-0-hype-auto-diesel-white-e65df657-6498-4ad1-ba49-601ee99230aa
91b4e4f8-77ee-4e1e-ab01-e22c84482056,Mercedes-Benz,CLA 180,2017,13990,109.0,Diesel,114762,compact,Automatic,IT,https://www.autoscout24.com/offers/mercedes-benz-cla-180-cla-shooting-brake-diesel-black-91b4e4f8-77ee-4e1e-ab01-e22c84482056
9334f2a0-da30-4e66-a500-60b46716785a,Alfa Romeo,Giulia,2017,11500,150.0,Diesel,270000,compact,Automatic,IT,https://www.autoscout24.com/offers/alfa-romeo-giulia-2-2-turbodiesel-150-cv-at8-autom-leggi-descrizione-diesel-grey-9334f2a0-da30-4e66-a500-60b46716785a
98b942ab-b580-4073-bb10-eab9aac96965,Audi,Q2,2017,18950,150.0,Gasoline,85791,compact,Automatic,NL,https://www.autoscout24.com/offers/audi-q2-1-4-tfsi-cod-sport-pro-line-cruise--airco--gasoline-grey-98b942ab-b580-4073-bb10-eab9aac96965
27f41b44-3767-4696-b9fb-e7b9827562ce,Volkswagen,Tiguan,2017,21995,150.0,Gasoline,144001,compact,Automatic,NL,https://www.autoscout24.com/offers/volkswagen-tiguan-1-4-tsi-act-business-r-line-dsg--panoramadak--st-gasoline-black-27f41b44-3767-4696-b9fb-e7b9827562ce
d1cdec47-8001-4dd7-85d2-8122ee0ab95a,Citroen,C3,2017,7500,82.0,Gasoline,102512,compact,Manual,IT,https://www.autoscout24.com/offers/citroen-c3-1-2-puretech-shine-82cv-gasoline-grey-d1cdec47-8001-4dd7-85d2-8122ee0ab95a
d0b7a180-ed9c-4cec-a9fd-3f323eac8b08,Toyota,Prius,2017,16990,122.0,Electric/Gasoline,74710,compact,Automatic,DE,https://www.autoscout24.com/offers/toyota-prius-comfort-safety-sense-rueckfahrkamera-electric-gasoline-silver-d0b7a180-ed9c-4cec-a9fd-3f323eac8b08
4c351737-7458-4f08-a12b-814b3109ccda,Honda,Civic,2017,15450,129.0,Gasoline,86000,compact,Manual,IT,https://www.autoscout24.com/offers/honda-civic-1-0-t-vtec-comfort-navi-gasoline-white-4c351737-7458-4f08-a12b-814b3109ccda
fba7b54f-8e66-493c-a375-16372193d028,SEAT,Leon,2017,12995,125.0,Gasoline,122355,compact,Manual,NL,https://www.autoscout24.com/offers/seat-leon-st-1-4-tsi-x-perience-i-pdc-i-navi-i-trekhaak-gasoline-grey-fba7b54f-8e66-493c-a375-16372193d028
6ad0e0cd-138c-4b81-940f-432b23461f48,Skoda,Yeti,2017,11820,110.0,Gasoline,95808,compact,Manual,DE,https://www.autoscout24.com/offers/skoda-yeti-1-2-tsi-cool-edition-shz-klima-usb-gasoline-grey-6ad0e0cd-138c-4b81-940f-432b23461f48
06a50495-6d6a-480f-bf0a-4cba7c8ed441,BMW,420,2017,16790,184.0,Diesel,142599,compact,Automatic,BE,https://www.autoscout24.com/offers/bmw-420-420d-coupe-aut-luxury-line-diesel-blue-06a50495-6d6a-480f-bf0a-4cba7c8ed441
8f978fa5-24f6-4417-b2d0-b2dbc0ba05ab,Volkswagen,T6 Multivan,2017,33900,150.0,Diesel,97282,compact,Automatic,IT,https://www.autoscout24.com/offers/volkswagen-t6-multivan-multivan-2-0-tdi-trendline-150cv-dsg-diesel-blue-8f978fa5-24f6-4417-b2d0-b2dbc0ba05ab
5e6d2698-ee62-4bf8-a329-3a98596abcf6,Hyundai,i20,2017,13400,101.0,Gasoline,53100,compact,Automatic,DE,https://www.autoscout24.com/offers/hyundai-i20-1-4-trend-bluetooth-shz-tempomat-usb-einparkhilfe-gasoline-white-5e6d2698-ee62-4bf8-a329-3a98596abcf6
0639df54-1729-4993-a3e4-01c5c39d86ad,Land Rover,Discovery Sport,2017,13450,179.0,Diesel,189900,compact,Automatic,DE,https://www.autoscout24.com/offers/land-rover-discovery-sport-2-0-automatik-panorama-dach-diesel-black-0639df54-1729-4993-a3e4-01c5c39d86ad
5759504e-7633-4b07-9107-1602c361aef5,Volkswagen,Polo,2017,11220,90.0,Gasoline,57516,compact,Manual,DE,https://www.autoscout24.com/offers/volkswagen-polo-1-2-tsi-sound-bluemotion-navi-tempo-pdc-shz-klima-gasoline-white-5759504e-7633-4b07-9107-1602c361aef5
13511405-a008-4ee5-8139-a756ba2124e9,Ford,C-Max,2017,11590,150.0,Diesel,85526,compact,Manual,AT,https://www.autoscout24.com/offers/ford-c-max-2-0-tdci-titanium-diesel-red-13511405-a008-4ee5-8139-a756ba2124e9
bf80842d-38b5-4ad2-b495-100ecd6feb2e,BMW,418,2017,16999,136.0,Gasoline,126145,compact,Automatic,NL,https://www.autoscout24.com/offers/bmw-418-4-serie-gran-coupe-418i-high-executive-m-pakket-le-gasoline-black-bf80842d-38b5-4ad2-b495-100ecd6feb2e
fb835cb6-5b41-4778-bda0-27b2cfd22c2c,Kia,Niro,2017,13890,105.0,Electric/Gasoline,95250,compact,Automatic,DE,https://www.autoscout24.com/offers/kia-niro-niro-hybrid-1-6-gdi-2wd-aut-spirit-electric-gasoline-red-fb835cb6-5b41-4778-bda0-27b2cfd22c2c
4a37eae2-9cec-4b2d-a62c-4065568f711e,Audi,A5,2017,20900,218.0,Diesel,89000,compact,Automatic,AT,https://www.autoscout24.com/offers/audi-a5-coupe-3-0-tdi-quattro-s-tronicnur-fuer-haendler-diesel-black-4a37eae2-9cec-4b2d-a62c-4065568f711e
942c570e-af2e-4776-8185-46526d176ce7,BMW,118,2017,14290,136.0,Gasoline,78559,compact,Manual,IT,https://www.autoscout24.com/offers/bmw-118-i-advantage-5p-gasoline-grey-942c570e-af2e-4776-8185-46526d176ce7
98a759d1-e44b-492d-b33a-b469e30e45e7,Audi,Q3,2017,21835,150.0,Gasoline,87851,compact,Automatic,NL,https://www.autoscout24.com/offers/audi-q3-1-4-tfsi-150pk-s-tronic-sport-edition-gasoline-grey-98a759d1-e44b-492d-b33a-b469e30e45e7
ee8439e0-7dc9-4897-abbd-e5611949122c,Opel,Astra,2017,11890,170.0,Gasoline,63335,compact,Manual,DE,https://www.autoscout24.com/offers/opel-astra-k-1-4-turbo-dynamic-led-kamera-carplay-pdc-gasoline-black-ee8439e0-7dc9-4897-abbd-e5611949122c
97233481-d7ca-4725-b913-56a2d2c6451e,Renault,Megane,2017,17889,207.0,Gasoline,114244,compact,Automatic,NL,https://www.autoscout24.com/offers/renault-megane-1-6-tce-gt-rs-19recarocameraadaptive-17955-gasoline-black-97233481-d7ca-4725-b913-56a2d2c6451e
f769a8f5-c83d-4623-bf8a-06611315fbf4,Alfa Romeo,Giulia,2017,14900,211.0,Diesel,251276,compact,Automatic,IT,https://www.autoscout24.com/offers/alfa-romeo-giulia-2-2-t-veloce-q4-210cv-awd-auto-diesel-white-f769a8f5-c83d-4623-bf8a-06611315fbf4
3d8cf89a-b2ca-477d-9471-7e170fc5be76,Aston Martin,DB11,2017,89980,608.0,Gasoline,117464,compact,Automatic,DE,https://www.autoscout24.com/offers/aston-martin-db11-coupe-v12-deutsch-b-o-sitzbelueft-gasoline-grey-3d8cf89a-b2ca-477d-9471-7e170fc5be76
00bb8f6c-2f89-4122-ae15-8d83a28734ed,Audi,A3,2017,12895,116.0,Gasoline,156392,compact,Manual,NL,https://www.autoscout24.com/offers/audi-a3-sportback-1-0-tfsi-sport-115pk-navi--cruise--lmv-gasoline-white-00bb8f6c-2f89-4122-ae15-8d83a28734ed
8c7ceef9-cc91-4671-8976-5e3583b98ba3,Alfa Romeo,Stelvio,2017,14900,209.0,Diesel,216000,compact,Automatic,IT,https://www.autoscout24.com/offers/alfa-romeo-stelvio-alfa-romeo-stelvio-2-2-turbodiesel-210-cv-at8-q4-super-unicoproprietario-diesel-white-8c7ceef9-cc91-4671-8976-5e3583b98ba3
e2fc75c2-f1de-47de-8621-a7f7c535ce67,Audi,A4,2017,19990,150.0,Gasoline,87968,compact,Automatic,BE,https://www.autoscout24.com/offers/audi-a4-berline-1-4-tfsi-benzine-autom-topstaat-gasoline-black-e2fc75c2-f1de-47de-8621-a7f7c535ce67
6aec11b6-513f-473b-8ccf-b24515650915,Volkswagen,Golf Variant,2017,9500,110.0,CNG,148523,compact,Manual,IT,https://www.autoscout24.com/offers/volkswagen-golf-variant-variant-1-4-tgi-highline-bmt-cng-white-6aec11b6-513f-473b-8ccf-b24515650915
73e30f97-3070-4c7e-b6ff-0a4a554ca7e5,Volkswagen,up!,2017,11900,75.0,Gasoline,81186,compact,Automatic,NL,https://www.autoscout24.com/offers/volkswagen-up-1-0-bmt-high-up-schuifdak-stoelverwarming-lm-gasoline-white-73e30f97-3070-4c7e-b6ff-0a4a554ca7e5
33476e03-87aa-44cc-a77f-03b10844eb19,Renault,Clio,2017,6700,90.0,Gasoline,206541,compact,Manual,NL,https://www.autoscout24.com/offers/renault-clio-estate-0-9-tce-limited-trekhaak-airco-cruise-gasoline-black-33476e03-87aa-44cc-a77f-03b10844eb19
e9a9fcc1-c983-487c-80c1-7439aa66b299,Suzuki,Jimny,2017,18400,86.0,Gasoline,108416,compact,Manual,IT,https://www.autoscout24.com/offers/suzuki-jimny-1-3-vvt-evolution-4wd-e6-gasoline-grey-e9a9fcc1-c983-487c-80c1-7439aa66b299
184cfbf1-8a03-4cb8-8426-2e06937798c6,Volkswagen,Touran,2017,14885,110.0,Gasoline,156276,compact,Manual,NL,https://www.autoscout24.com/offers/volkswagen-touran-1-2-tsi-comfortline-7-persoons--climate--stoelve-gasoline-184cfbf1-8a03-4cb8-8426-2e06937798c6
9497f9b4-83bf-4dfc-9dc3-daa1e8f4466a,Volkswagen,Golf,2017,10950,150.0,Diesel,195828,compact,Automatic,DE,https://www.autoscout24.com/offers/volkswagen-golf-2-0-tdi-150-dsg-comfortline-diesel-black-9497f9b4-83bf-4dfc-9dc3-daa1e8f4466a
933e483b-bd74-4ff5-aa45-09b9f43f5488,Fiat,Tipo,2017,7600,95.0,Diesel,136000,compact,Manual,IT,https://www.autoscout24.com/offers/fiat-tipo-tipo-1-3-mjt-s-s-sw-business-diesel-black-933e483b-bd74-4ff5-aa45-09b9f43f5488
f77ffc70-c580-4068-ae7a-11799e5808ca,BMW,530,2017,22800,265.0,Diesel,144000,compact,Automatic,DE,https://www.autoscout24.com/offers/bmw-530-dxdrive-innovation-navi-night-vision-led-hud-diesel-silver-f77ffc70-c580-4068-ae7a-11799e5808ca
5fde8c67-87db-4b30-b292-6f6a6aa24e28,Kia,Ceed SW / cee'd SW,2017,9990,135.0,Gasoline,72020,compact,Manual,DE,https://www.autoscout24.com/offers/kia-ceed-sw-cee-d-sw-1-6-gdi-dream-team-kamera-navi-gasoline-white-5fde8c67-87db-4b30-b292-6f6a6aa24e28
1583606a-79a6-428a-ace6-04a8c51acd8b,Hyundai,TUCSON,2017,13900,177.0,Gasoline,79950,compact,Manual,DE,https://www.autoscout24.com/offers/hyundai-tucson-2wd-style-navi-ahk-klimaaut-temp-gasoline-black-1583606a-79a6-428a-ace6-04a8c51acd8b
93f708d1-7f1a-4555-98aa-650c96540b3e,smart,forTwo,2017,10985,71.0,Gasoline,75888,compact,Automatic,NL,https://www.autoscout24.com/offers/smart-fortwo-1-0-prime-brabus-pakket--leder--pano--stoelverw-gasoline-blue-93f708d1-7f1a-4555-98aa-650c96540b3e
8331e700-0732-4623-82b8-8d9d8ae48ecd,Hyundai,i30,2017,12950,101.0,Gasoline,41900,compact,Manual,DE,https://www.autoscout24.com/offers/hyundai-i30-1-4-select-tempo-pdc-bluetooth-klima-gasoline-black-8331e700-0732-4623-82b8-8d9d8ae48ecd
e1282b50-b696-4674-afb4-eae33c850fc5,BMW,i3,2017,18000,102.0,Electric/Gasoline,42000,compact,Automatic,IT,https://www.autoscout24.com/offers/bmw-i3-94-ah-range-extender-electric-gasoline-black-e1282b50-b696-4674-afb4-eae33c850fc5
9ca245b6-3304-4b63-8e92-62e2898aa14f,Audi,A5,2017,19750,170.0,CNG,112049,compact,Automatic,NL,https://www.autoscout24.com/offers/audi-a5-sportback-2-0-tfsi-g-tron-design-pro-line-plus-lee-cng-green-9ca245b6-3304-4b63-8e92-62e2898aa14f
e935193a-66a4-43cb-a461-5f30d11b86b7,BMW,X5,2017,25980,231.0,Diesel,110080,compact,Automatic,DE,https://www.autoscout24.com/offers/bmw-x5-25d-xdrive-panorama-led-hifi-ahk-kamera-diesel-black-e935193a-66a4-43cb-a461-5f30d11b86b7
5d97ded1-afa8-47f3-b3ca-784282140db6,Volkswagen,T6.1 Multivan,2017,32990,204.0,Diesel,146750,compact,Automatic,DE,https://www.autoscout24.com/offers/volkswagen-t6-1-multivan-2-0-tdi-4motion-highline-ahk-sprachbed-diesel-black-5d97ded1-afa8-47f3-b3ca-784282140db6
481b2bab-18e3-48e5-8834-0b81cc7f6ca0,SEAT,Ateca,2017,14950,150.0,Gasoline,129895,compact,Manual,NL,https://www.autoscout24.com/offers/seat-ateca-1-4-ecotsi-style-cruisecontrol-carplay-trekhaak-gasoline-white-481b2bab-18e3-48e5-8834-0b81cc7f6ca0
82912cec-888b-45f1-b213-424697a5d74a,Audi,RS6,2017,44900,605.0,Gasoline,169973,compact,Automatic,NL,https://www.autoscout24.com/offers/audi-rs6-avant-4-0-tfsi-rs-6-quattro-perfomance-carbon-mas-gasoline-black-82912cec-888b-45f1-b213-424697a5d74a
c05b81e0-6fc1-4696-b5a5-f097dfd6d681,Fiat,Punto Evo,2017,5900,77.0,LPG,180000,compact,Manual,IT,https://www.autoscout24.com/offers/fiat-punto-evo-fiat-punto-1-4-8v-5-porte-easypower-street-unicoproprietario-lpg-white-c05b81e0-6fc1-4696-b5a5-f097dfd6d681
c822c3dd-27f6-4897-89b6-442ea80855bf,Volkswagen,Golf,2017,10249,116.0,Gasoline,162185,compact,Manual,NL,https://www.autoscout24.com/offers/volkswagen-golf-1-0-tsi-comfortline-carplaynavicruisectrl5-deu-gasoline-grey-c822c3dd-27f6-4897-89b6-442ea80855bf
6f6cdeed-68ae-442f-840f-01fbafdadb01,Skoda,Fabia,2017,10950,90.0,Gasoline,49975,compact,Manual,DE,https://www.autoscout24.com/offers/skoda-fabia-1-2-tsi-shz-pdc-freisprech-1-hand-gasoline-white-6f6cdeed-68ae-442f-840f-01fbafdadb01
fa0f1ffb-663d-42b5-a3d8-6121a9be107b,Peugeot,Partner,2017,8450,110.0,Gasoline,139500,compact,Manual,DE,https://www.autoscout24.com/offers/peugeot-partner-tepee-outdoor-navi-kamera-ahk-shz-gasoline-fa0f1ffb-663d-42b5-a3d8-6121a9be107b
aaef6690-8022-41ff-be96-5b50341c3230,Volkswagen,Sharan,2017,20770,150.0,Diesel,119500,compact,Automatic,DE,https://www.autoscout24.com/offers/volkswagen-sharan-2-0-tdi-dsg-comf-7-sitzer-navi-shz-diesel-black-aaef6690-8022-41ff-be96-5b50341c3230
2b5b6ff5-c4ff-4992-86d7-acd0d30a04ef,Mercedes-Benz,C 250,2017,23840,211.0,Gasoline,41519,compact,Automatic,DE,https://www.autoscout24.com/offers/mercedes-benz-c-250-avantgarde-aut-led-acc-cam-pdc-shz-klima-garantie-gasoline-black-2b5b6ff5-c4ff-4992-86d7-acd0d30a04ef
39cbfa9a-8eca-4271-8e1a-eed35fe17d4a,Kia,Sportage,2017,14950,132.0,Gasoline,88119,compact,Manual,NL,https://www.autoscout24.com/offers/kia-sportage-1-6-gdi-132pk-dynamicline--navigatie--cruise-con-gasoline-red-39cbfa9a-8eca-4271-8e1a-eed35fe17d4a
f5abf83c-a140-4db9-8648-b7c15418f81c,BMW,M2,2017,35999,370.0,Gasoline,99999,compact,Automatic,BE,https://www.autoscout24.com/offers/bmw-m2-coupe-3-0-m2-dkg-gasoline-black-f5abf83c-a140-4db9-8648-b7c15418f81c
810e1dcd-78ce-4126-b348-ddaa539ad584,Mercedes-Benz,GLC 250,2017,30950,211.0,Gasoline,96445,compact,Automatic,NL,https://www.autoscout24.com/offers/mercedes-benz-glc-250-4matic-business-solution-amg--trekhaak--pano--3-gasoline-grey-810e1dcd-78ce-4126-b348-ddaa539ad584
96706cf6-1ab4-4d63-833c-c5942feb165d,Audi,Q2,2017,15495,116.0,Diesel,109000,compact,Manual,BE,https://www.autoscout24.com/offers/audi-q2-q2-1-6-tdi-diesel-96706cf6-1ab4-4d63-833c-c5942feb165d
a60ded05-e0d5-4c87-80d1-bee823a97a10,Audi,A1,2017,13435,95.0,Gasoline,103405,compact,Manual,NL,https://www.autoscout24.com/offers/audi-a1-1-0-tfsi-95pk-adrenalin-s-line-gasoline-black-a60ded05-e0d5-4c87-80d1-bee823a97a10
9371fdec-bfe8-40b1-b4cf-369202dc4aa1,Peugeot,308,2017,10500,131.0,Gasoline,109000,compact,Automatic,BE,https://www.autoscout24.com/offers/peugeot-308-sw-1-2-puretech-active-gasoline-white-9371fdec-bfe8-40b1-b4cf-369202dc4aa1
425eb56e-86a0-4384-8daa-36bb01987e7a,Mercedes-Benz,C 200,2017,24990,184.0,Gasoline,70150,compact,Automatic,DE,https://www.autoscout24.com/offers/mercedes-benz-c-200-c-200-4matic-amg-line-aut-navi-led-tempo-cam-gasoline-grey-425eb56e-86a0-4384-8daa-36bb01987e7a
324fcbdb-7951-4626-8f2e-0263ffcae9e5,Volvo,V40,2017,12885,120.0,Diesel,184538,compact,Automatic,NL,https://www.autoscout24.com/offers/volvo-v40-2-0-d2-r-design-automaat--panorama--leder-alcant-diesel-white-324fcbdb-7951-4626-8f2e-0263ffcae9e5
16c874ec-5875-4326-b99e-011a350c4490,Mercedes-Benz,Vito,2017,24870,163.0,Diesel,138510,compact,Automatic,DE,https://www.autoscout24.com/offers/mercedes-benz-vito-tourer-116-cdi-bt-gtronic-pro-lrs-navi-gra-diesel-silver-16c874ec-5875-4326-b99e-011a350c4490
cb4ae461-37ea-4afc-9275-ba05809197ed,Volkswagen,Touran,2017,13950,116.0,Diesel,137000,compact,Manual,DE,https://www.autoscout24.com/offers/volkswagen-touran-touran-diesel-1-6-tdi-trendline-7-sitze-diesel-grey-cb4ae461-37ea-4afc-9275-ba05809197ed
62d34a68-5a1f-4c91-8a70-52e12e285cee,Peugeot,2008,2017,7450,82.0,Gasoline,122566,compact,Manual,BE,https://www.autoscout24.com/offers/peugeot-2008-1-2i-82pk-facelift-navigatie-pdc-bluetooth-airco-gasoline-grey-62d34a68-5a1f-4c91-8a70-52e12e285cee
d3ad06f4-3286-4632-b5d8-e7c2a94a160d,SEAT,Ibiza,2017,11280,95.0,Gasoline,75866,compact,Manual,DE,https://www.autoscout24.com/offers/seat-ibiza-1-0-tsi-xcellence-navi-led-acc-cam-pdc-shz-gasoline-grey-d3ad06f4-3286-4632-b5d8-e7c2a94a160d
08decf13-d016-48da-9404-a7d7831f5444,Mercedes-Benz,AMG GT,2017,74800,510.0,Gasoline,68343,compact,Automatic,DE,https://www.autoscout24.com/offers/mercedes-benz-amg-gt-s-coupe-v8-piecha-kit-pano-burm-perf-night-gasoline-white-08decf13-d016-48da-9404-a7d7831f5444
61288c6e-aad8-4db2-b696-ed0758d24143,Volkswagen,Golf GTI,2017,22500,230.0,Gasoline,99338,compact,Manual,BE,https://www.autoscout24.com/offers/volkswagen-golf-gti-dsg-facelift-camera-gps-acc-pdc-led-zetelverwarming-gasoline-black-61288c6e-aad8-4db2-b696-ed0758d24143
8da9e969-49cd-4acb-86b8-b07cc2b85976,Opel,Zafira Tourer,2017,14990,140.0,Gasoline,125690,compact,Manual,DE,https://www.autoscout24.com/offers/opel-zafira-tourer-zafira-1-4-innovation-led-7-si-sh-assist-onestar-gasoline-grey-8da9e969-49cd-4acb-86b8-b07cc2b85976
9e548494-ae3e-4cce-acbb-41914c0fa345,Opel,Crossland,2017,7980,110.0,Gasoline,53415,compact,Manual,DE,https://www.autoscout24.com/offers/opel-crossland-1-2t-edition-app-tempomat-assist-klima-gasoline-white-9e548494-ae3e-4cce-acbb-41914c0fa345
579f6156-e268-49b0-9ed0-2701fa4e6921,Mercedes-Benz,GLA 200,2017,17970,156.0,Gasoline,85300,compact,Automatic,DE,https://www.autoscout24.com/offers/mercedes-benz-gla-200-klasse-urban-navi-360-kamera-led-sportsitze-gasoline-silver-579f6156-e268-49b0-9ed0-2701fa4e6921
5ef78734-749b-42dc-bbba-036be584862d,Kia,Sportage,2017,17777,177.0,Gasoline,81365,compact,Automatic,DE,https://www.autoscout24.com/offers/kia-sportage-gt-line-4wd-leder-xenon-navi-ahk-jbl-gasoline-white-5ef78734-749b-42dc-bbba-036be584862d
94c3de61-9918-46ac-8bef-c590da19a9cb,Lamborghini,Huracán,2017,234949,610.0,Gasoline,38968,compact,Automatic,NL,https://www.autoscout24.com/offers/lamborghini-huracan-5-2-v10-lp610-4-avio-ceramic-carbon-forged-race-ui-gasoline-grey-94c3de61-9918-46ac-8bef-c590da19a9cb
ae735b41-ed88-4377-85b3-3202c4f0c366,Peugeot,208,2017,8500,75.0,Diesel,78296,compact,Manual,IT,https://www.autoscout24.com/offers/peugeot-208-i-2015-5p-1-6-bluehdi-active-75cv-diesel-white-ae735b41-ed88-4377-85b3-3202c4f0c366
201112de-1620-4df0-9251-c83fc0061ed2,Mercedes-Benz,V 220,2017,33490,163.0,Diesel,116000,compact,Automatic,DE,https://www.autoscout24.com/offers/mercedes-benz-v-220-d-edition-lang-nav-cam-ahk-spurpaket-6sitze-diesel-black-201112de-1620-4df0-9251-c83fc0061ed2
4645a63c-eeb1-48b4-be01-be77e8c3389d,Porsche,Panamera,2017,49900,421.0,Diesel,179000,compact,Automatic,IT,https://www.autoscout24.com/offers/porsche-panamera-4s-diesel-422cv-tet-pasm-led-21radar-vent-full-diesel-black-4645a63c-eeb1-48b4-be01-be77e8c3389d
b6247937-845f-4699-9386-f53e46157691,Mazda,MX-5,2017,18990,160.0,Gasoline,169347,compact,Automatic,BE,https://www.autoscout24.com/offers/mazda-mx-5-roadster-coupe-2-0i-160pk-skyactiv-technology-automatic-gearbox-leather-sport-seats-navi-btw-auto-gasoline-black-b6247937-845f-4699-9386-f53e46157691
9273917d-ecab-4fbe-a828-e766324d5bc6,MINI,Cooper S Countryman,2017,16330,192.0,Gasoline,91074,compact,Automatic,DE,https://www.autoscout24.com/offers/mini-cooper-s-countryman-cooper-s-aut-navi-tempo-cam-pdc-shz-gasoline-grey-9273917d-ecab-4fbe-a828-e766324d5bc6
5d1ee334-4ffe-47be-9153-155bd52c6def,Citroen,DS5,2017,12900,181.0,Diesel,133648,compact,Automatic,BE,https://www.autoscout24.com/offers/citroen-ds5-2-0hdi-automaat-180pk-pano-camera-diesel-grey-5d1ee334-4ffe-47be-9153-155bd52c6def
e2dc3304-1deb-4861-8828-df7b9be92346,Mercedes-Benz,CLA 45 AMG,2017,23990,381.0,Gasoline,171832,compact,Automatic,BE,https://www.autoscout24.com/offers/mercedes-benz-cla-45-amg-4-matic-turbo-pano-cruise-nette-staat-leder-gasoline-blue-e2dc3304-1deb-4861-8828-df7b9be92346
dd5fda3e-8af3-4ab2-8f7e-c66763a69026,Skoda,Fabia,2017,5890,90.0,Gasoline,265862,compact,Manual,NL,https://www.autoscout24.com/offers/skoda-fabia-combi-1-2-tsi-drive-trekhaak-carplay-gasoline-white-dd5fda3e-8af3-4ab2-8f7e-c66763a69026
7d9c6a03-d513-4730-a84d-4f73e8a83c66,Mercedes-Benz,C 180,2017,20420,156.0,Gasoline,49286,compact,Automatic,DE,https://www.autoscout24.com/offers/mercedes-benz-c-180-exclusive-aut-navi-led-pdc-shz-tempo-klima-gasoline-black-7d9c6a03-d513-4730-a84d-4f73e8a83c66
a6cab428-8991-4aa2-aa9d-c0b1bf75a94a,Fiat,500X,2017,9000,95.0,Diesel,141000,compact,Manual,IT,https://www.autoscout24.com/offers/fiat-500x-1-3-mjet-95cv-4x2-lounge-diesel-a6cab428-8991-4aa2-aa9d-c0b1bf75a94a
25b0eb9c-a12c-413e-98fd-c760cf29596b,Ford,Kuga,2017,14350,150.0,Gasoline,67882,compact,Manual,DE,https://www.autoscout24.com/offers/ford-kuga-titanium-1-5l-110-kw-150ps-1-hand-tech-paket-panor-gasoline-grey-25b0eb9c-a12c-413e-98fd-c760cf29596b
fc146392-4791-4d54-a058-90277a5560cf,Citroen,C4 Picasso,2017,6490,116.0,Diesel,234000,compact,Manual,BE,https://www.autoscout24.com/offers/citroen-c4-picasso-1-6-hdi-business-gps-pdc-clim-bi-zone-garantie-12m-diesel-grey-fc146392-4791-4d54-a058-90277a5560cf
fa1cc4ec-6584-4032-b10c-431cf6c7e36a,Renault,Espace,2017,16490,160.0,Diesel,125000,compact,Automatic,BE,https://www.autoscout24.com/offers/renault-espace-1-6-dci-initiale-paris-7pl-toit-pano-ouvrant-auto-diesel-grey-fa1cc4ec-6584-4032-b10c-431cf6c7e36a
0d282847-5426-43be-81ff-424f5f94db5f,Fiat,124 Spider,2017,16390,140.0,Gasoline,48183,compact,Manual,DE,https://www.autoscout24.com/offers/fiat-124-spider-1-4-turbo-lusso-navi-cabrio-pdc-shz-klima-gasoline-black-0d282847-5426-43be-81ff-424f5f94db5f
e3ee362b-f3a0-44ca-8bb1-e7322f709f13,Peugeot,3008,2017,9899,131.0,Gasoline,184804,compact,Manual,NL,https://www.autoscout24.com/offers/peugeot-3008-1-2-puretech-bl-prem-nieuwe-apk-trekhaak-camer-gasoline-grey-e3ee362b-f3a0-44ca-8bb1-e7322f709f13
7444de3f-dce4-4f49-bc95-eeb07d4fa4ca,MINI,Cooper,2017,13990,136.0,Gasoline,33699,compact,Manual,DE,https://www.autoscout24.com/offers/mini-cooper-1-5-panorama-navi-5jgarantie-4season-gasoline-silver-7444de3f-dce4-4f49-bc95-eeb07d4fa4ca
408ca629-8303-4efc-989f-fb9339c29aa2,Mercedes-Benz,E 200,2017,22820,184.0,Gasoline,100467,compact,Automatic,DE,https://www.autoscout24.com/offers/mercedes-benz-e-200-exclusive-aut-led-tempo-cam-pdc-shz-klima-gasoline-green-408ca629-8303-4efc-989f-fb9339c29aa2
fd7a326c-f550-4f6d-bcb8-228addf08c57,Audi,A6,2017,21480,190.0,Diesel,106098,compact,Automatic,BE,https://www.autoscout24.com/offers/audi-a6-2-0tdi-ultra-aut-sportstoelen-navi-el-koffer-pts-diesel-black-fd7a326c-f550-4f6d-bcb8-228addf08c57
6ce75808-9932-40f4-ae2f-17e9559b8a53,Mercedes-Benz,GLC 250,2017,21900,204.0,Diesel,131655,compact,Automatic,IT,https://www.autoscout24.com/offers/mercedes-benz-glc-250-glc-250-d-4matic-business-diesel-grey-6ce75808-9932-40f4-ae2f-17e9559b8a53
db4b97d3-f066-4b60-bafc-4a013ef9ebbf,Volkswagen,Golf,2017,13750,116.0,Diesel,138950,compact,Manual,DE,https://www.autoscout24.com/offers/volkswagen-golf-vii-lim-comfortline-bmt-start-stopp-diesel-black-db4b97d3-f066-4b60-bafc-4a013ef9ebbf
5ace0781-1e60-48be-9fa1-25c962727891,Audi,Q3,2017,19940,179.0,Gasoline,36900,compact,Automatic,DE,https://www.autoscout24.com/offers/audi-q3-basis-quattro-gasoline-grey-5ace0781-1e60-48be-9fa1-25c962727891
ddbc7546-1a53-476a-b68e-7e9e2b8e4cb5,Volkswagen,Golf,2017,12995,150.0,Gasoline,205443,compact,Manual,NL,https://www.autoscout24.com/offers/volkswagen-golf-1-5-tsi-r-line-highline--led--acc--dab--carpla-gasoline-black-ddbc7546-1a53-476a-b68e-7e9e2b8e4cb5
131f9a86-84a5-4442-92d8-06c3b4207a93,Suzuki,Swift,2017,10890,111.0,Gasoline,101200,compact,Automatic,DE,https://www.autoscout24.com/offers/suzuki-swift-1-0-12v-boosterjet-comfort-automatik-gasoline-red-131f9a86-84a5-4442-92d8-06c3b4207a93
08b040ab-15c3-459b-9d89-4fd44549ccea,Mercedes-Benz,GLE 350,2017,36990,258.0,Diesel,128000,compact,Automatic,DE,https://www.autoscout24.com/offers/mercedes-benz-gle-350-gle-coupe-gle-350-d-4matic-diesel-grey-08b040ab-15c3-459b-9d89-4fd44549ccea
614647b6-6cc7-4385-ae71-68863193523f,Volkswagen,Arteon,2017,16990,239.0,Diesel,206580,compact,Automatic,DE,https://www.autoscout24.com/offers/volkswagen-arteon-2-0-tdi-4m-dsg-standh-nur-an-gewerbe-diesel-yellow-614647b6-6cc7-4385-ae71-68863193523f
e4c3bfdf-417b-43b7-9020-ce2c796b097a,Maserati,Ghibli,2017,24500,349.0,Gasoline,122000,compact,Automatic,IT,https://www.autoscout24.com/offers/maserati-ghibli-3-0-v6-bt-350cv-auto-gasoline-blue-e4c3bfdf-417b-43b7-9020-ce2c796b097a
0e50727c-f5a8-4c89-adda-4b5f6b4b48cb,Land Rover,Range Rover Velar,2017,27900,241.0,Diesel,103000,compact,Automatic,DE,https://www.autoscout24.com/offers/land-rover-range-rover-velar-se-ahk-acc-20zoll-memory-diesel-white-0e50727c-f5a8-4c89-adda-4b5f6b4b48cb
4c402811-b708-495f-8a63-9ee2b110f3c3,Mitsubishi,Outlander,2017,13890,150.0,Gasoline,91000,compact,Manual,DE,https://www.autoscout24.com/offers/mitsubishi-outlander-2-0-mivec-diamant-edition-2wd-rfk-navi-gasoline-black-4c402811-b708-495f-8a63-9ee2b110f3c3
072fc118-4525-489a-a9ca-c03dd1e340a3,Honda,Jazz,2017,12010,102.0,Gasoline,50625,compact,Manual,DE,https://www.autoscout24.com/offers/honda-jazz-1-3-i-vtec-elegance-nav-limit-cam-pdc-shz-bt-gasoline-grey-072fc118-4525-489a-a9ca-c03dd1e340a3
83864d76-80a4-4aa0-812e-a47c4f234172,Mercedes-Benz,A 180,2017,8885,109.0,Diesel,273965,compact,Manual,NL,https://www.autoscout24.com/offers/mercedes-benz-a-180-d-business-solution-amg--xenon--half-leder--cru-diesel-black-83864d76-80a4-4aa0-812e-a47c4f234172
97b9b5cb-8737-449b-9680-82ef925c0ffb,Mercedes-Benz,A 180,2017,16049,122.0,Gasoline,146000,compact,Automatic,NL,https://www.autoscout24.com/offers/mercedes-benz-a-180-a-180-blueefficiency-amg-sport-gasoline-grey-97b9b5cb-8737-449b-9680-82ef925c0ffb
9913012b-9e07-48a1-81f5-e2b239b23cf0,Mercedes-Benz,GLA 180,2017,15900,109.0,Diesel,139900,compact,Automatic,IT,https://www.autoscout24.com/offers/mercedes-benz-gla-180-gla-180-d-business-auto-diesel-9913012b-9e07-48a1-81f5-e2b239b23cf0
7d8a9552-1e16-4083-a809-85272e151860,Volkswagen,Scirocco,2017,12980,125.0,Gasoline,73192,compact,Manual,DE,https://www.autoscout24.com/offers/volkswagen-scirocco-dach-und-alu-schwarz-teilleder-shzg-tem-gasoline-white-7d8a9552-1e16-4083-a809-85272e151860
e3edb76c-8adb-4a29-b6bb-36b6fabac457,Mercedes-Benz,GLE 43 AMG,2017,46949,368.0,Gasoline,99983,compact,Automatic,NL,https://www.autoscout24.com/offers/mercedes-benz-gle-43-amg-coupe-4matic--panorama--trekhaak--org-nl-gasoline-grey-e3edb76c-8adb-4a29-b6bb-36b6fabac457
90d1ff42-d098-46b7-960a-84effda6ce03,Audi,A6,2017,29900,320.0,Diesel,112303,compact,Automatic,IT,https://www.autoscout24.com/offers/audi-a6-avant-3-0-tdi-quattro-s-line-320cv-tiptronic-diesel-grey-90d1ff42-d098-46b7-960a-84effda6ce03
90609436-1f50-406f-90f4-649adee476bb,Skoda,Octavia,2017,9900,116.0,Diesel,185600,compact,Manual,AT,https://www.autoscout24.com/offers/skoda-octavia-style-diesel-grey-90609436-1f50-406f-90f4-649adee476bb
a3482986-20ba-439d-9a50-911b9f035158,BMW,320,2017,15950,184.0,Gasoline,229978,compact,Automatic,NL,https://www.autoscout24.com/offers/bmw-320-3-serie-touring-320i-m-performance-leer-pano-nav-gasoline-white-a3482986-20ba-439d-9a50-911b9f035158
9333d117-4cf9-4c2c-b03f-095a0a8b0e5f,Volkswagen,Polo GTI,2017,14950,192.0,Gasoline,150250,compact,Manual,NL,https://www.autoscout24.com/offers/volkswagen-polo-gti-1-8-tsi-192pk-nap--navigatie--lichtmetalen-velge-gasoline-grey-9333d117-4cf9-4c2c-b03f-095a0a8b0e5f
4e13240d-b181-4513-9d35-6100d28f2d1d,Peugeot,2008,2017,10990,110.0,Gasoline,89483,compact,Automatic,DE,https://www.autoscout24.com/offers/peugeot-2008-gt-line-pano-ahk-navi-kamera-gasoline-red-4e13240d-b181-4513-9d35-6100d28f2d1d
595d61d3-4a92-49f9-8180-7c98499cd1a0,smart,forFour,2017,9300,71.0,Gasoline,57088,compact,Manual,IT,https://www.autoscout24.com/offers/smart-forfour-1-0-youngster-71cv-garanzia-12-mesi-gasoline-black-595d61d3-4a92-49f9-8180-7c98499cd1a0
d3342b34-cddb-4722-aefb-ab2f96f38f4b,Peugeot,Expert,2017,12490,116.0,Diesel,174000,compact,Manual,IT,https://www.autoscout24.com/offers/peugeot-expert-6-posti-passo-lungo-1-6-bluehdi-120-cv-n1-diesel-white-d3342b34-cddb-4722-aefb-ab2f96f38f4b
7e0acedd-0f58-4543-98f7-110520e6c258,Peugeot,2008,2017,8745,110.0,Gasoline,86231,compact,Manual,NL,https://www.autoscout24.com/offers/peugeot-2008-1-2-puretech-allure-110pk--navi--clima--apple-c-gasoline-grey-7e0acedd-0f58-4543-98f7-110520e6c258
09b4dd8c-ee7c-4864-bfbd-78b90d75672b,Volkswagen,Golf,2017,14290,110.0,Gasoline,64000,compact,Manual,DE,https://www.autoscout24.com/offers/volkswagen-golf-vii-1-0-tsi-81kw-lim-acc-sihz-winter-pdc-mufu-bt-gasoline-yellow-09b4dd8c-ee7c-4864-bfbd-78b90d75672b
24a6cfc6-90c8-4f11-b551-79e042b8e3be,Mercedes-Benz,GLA 200,2017,14495,136.0,Diesel,146316,compact,Manual,BE,https://www.autoscout24.com/offers/mercedes-benz-gla-200-gla-d-diesel-black-24a6cfc6-90c8-4f11-b551-79e042b8e3be
51f07ae7-d7d3-4fe3-a0f2-9de9ac4ae556,Volkswagen,Tiguan,2017,19000,150.0,Diesel,131900,compact,Automatic,DE,https://www.autoscout24.com/offers/volkswagen-tiguan-comfortline-2-0-tdi-dsg-euro6-navi-klima-diesel-black-51f07ae7-d7d3-4fe3-a0f2-9de9ac4ae556
bd100299-1310-4ffc-9a60-566efe990190,Toyota,C-HR,2017,15900,98.0,Electric/Gasoline,154735,compact,Automatic,NL,https://www.autoscout24.com/offers/toyota-c-hr-1-8-hybrid-dynamic-origineel-nederlands-naviga-electric-gasoline-grey-bd100299-1310-4ffc-9a60-566efe990190
01ec3d19-8dfc-4d73-996e-8794360fdc86,Ford,Focus,2017,19999,252.0,Gasoline,99999,compact,Manual,NL,https://www.autoscout24.com/offers/ford-focus-2-0-st-3-rs-look-251-pk-apple-carplay-bi-xenon-pdc-gasoline-black-01ec3d19-8dfc-4d73-996e-8794360fdc86
53cc782d-a878-4cc8-9487-7b31731659b7,Renault,Kadjar,2017,14950,131.0,Gasoline,89438,compact,Automatic,NL,https://www.autoscout24.com/offers/renault-kadjar-1-2-tce-intens-automaat--trekhaak--cruise-contro-gasoline-grey-53cc782d-a878-4cc8-9487-7b31731659b7
ef585799-0045-4aa5-8be1-9dbecf8f3271,Volkswagen,Caddy,2017,18990,125.0,Gasoline,99632,compact,Manual,DE,https://www.autoscout24.com/offers/volkswagen-caddy-1-4-tsi-maxi-trendline-bm-xenon-tempo-pdc-gasoline-grey-ef585799-0045-4aa5-8be1-9dbecf8f3271
bef09aa2-23c8-4265-ab11-6f985c57d6ad,Volkswagen,Golf,2017,14450,110.0,Gasoline,134105,compact,Automatic,NL,https://www.autoscout24.com/offers/volkswagen-golf-1-0-tsi-highline-business-r-dsgledsoundedt-gasoline-grey-bef09aa2-23c8-4265-ab11-6f985c57d6ad
c1daaaa2-93d6-42fb-af6d-760a2888c6f6,Mercedes-Benz,E 200,2017,9950,150.0,Diesel,688962,compact,Automatic,NL,https://www.autoscout24.com/offers/mercedes-benz-e-200-d-ambition-diesel-black-c1daaaa2-93d6-42fb-af6d-760a2888c6f6
84fd4b00-528a-49fb-a9c5-98a9e7eb1c0f,Opel,Zafira,2017,9777,170.0,Gasoline,139666,compact,Automatic,DE,https://www.autoscout24.com/offers/opel-zafira-c-1-6-led-kurvenlicht-navi-leder-acc-carplay-gasoline-white-84fd4b00-528a-49fb-a9c5-98a9e7eb1c0f
57c4b33b-6008-4ada-b613-b37edf4793f4,BMW,X1,2017,19110,190.0,Diesel,125000,compact,Automatic,DE,https://www.autoscout24.com/offers/bmw-x1-xdrive20d-xline-automatik-diesel-grey-57c4b33b-6008-4ada-b613-b37edf4793f4
b451427f-3c51-400f-a535-a37b7d33f911,Hyundai,i20,2017,9950,101.0,Gasoline,92803,compact,Manual,DE,https://www.autoscout24.com/offers/hyundai-i20-blue-passion-allwetter-ahk-navi-klimaauto-shz-lhzg-gasoline-red-b451427f-3c51-400f-a535-a37b7d33f911
de69c04b-bc1b-4ba1-9dc4-1bb6dbc23173,BMW,X3,2017,14799,150.0,Diesel,117944,compact,Manual,DE,https://www.autoscout24.com/offers/bmw-x3-d-xline-led-rfk-standhz-navi-leder-diesel-blue-de69c04b-bc1b-4ba1-9dc4-1bb6dbc23173
194ae7eb-e2a5-43cc-8da9-33b27f5790b6,Opel,Crossland X,2017,12490,131.0,Gasoline,52300,compact,Manual,DE,https://www.autoscout24.com/offers/opel-crossland-x-innovation-1-2-navi-carplay-led-gasoline-white-194ae7eb-e2a5-43cc-8da9-33b27f5790b6
920eac17-b24a-4607-bce3-3182a0da0c1f,Volkswagen,e-up!,2017,8745,82.0,Electric,91477,compact,Automatic,NL,https://www.autoscout24.com/offers/volkswagen-e-up-e-up--stoelverwarming-airco-bluetooth-electric-white-920eac17-b24a-4607-bce3-3182a0da0c1f
1770985e-e01f-484a-98be-de3b2c460b1c,Audi,Q5,2017,28900,190.0,Diesel,124500,compact,Automatic,DE,https://www.autoscout24.com/offers/audi-q5-quattro-s-line-matrix-360-pano-hud-acc-navi-diesel-black-1770985e-e01f-484a-98be-de3b2c460b1c
dafe8bf5-8976-49ad-aa66-936e1430d8a4,Mercedes-Benz,C 220,2017,16900,170.0,Diesel,154981,compact,Automatic,IT,https://www.autoscout24.com/offers/mercedes-benz-c-220-c220d-4matic-auto-sport-diesel-grey-dafe8bf5-8976-49ad-aa66-936e1430d8a4
4a70002c-e165-44c7-bc5b-673bf5b22c38,Citroen,C3,2017,7950,82.0,Gasoline,110716,compact,Manual,NL,https://www.autoscout24.com/offers/citroen-c3-1-2-puretech-shine-airco-navi-cruise-camera-elk-ra-gasoline-grey-4a70002c-e165-44c7-bc5b-673bf5b22c38
76d44a14-e5a8-42cb-a8e7-689520cad305,Volkswagen,Golf GTE,2017,18995,150.0,Electric/Gasoline,119978,compact,Automatic,NL,https://www.autoscout24.com/offers/volkswagen-golf-gte-1-4-tsi-phev-204pk--acc--led--19--apple-carpl-electric-gasoline-grey-76d44a14-e5a8-42cb-a8e7-689520cad305
bc435246-f8bf-451e-9ab3-e8cede979940,Volkswagen,Touran,2017,16990,150.0,Gasoline,91649,compact,Automatic,BE,https://www.autoscout24.com/offers/volkswagen-touran-1-4-tsi-comfortline-automaat-gps-pano-dak-gasoline-blue-bc435246-f8bf-451e-9ab3-e8cede979940
d1d82fb5-933e-410e-850c-4447245f79de,Volkswagen,Golf Variant,2017,10990,125.0,Gasoline,144964,compact,Manual,DE,https://www.autoscout24.com/offers/volkswagen-golf-variant-golf-vii-variant-1-4-tsi-bmt-lounge-1-4-tsi-lounge-gasoline-grey-d1d82fb5-933e-410e-850c-4447245f79de
7d087411-e127-4c0b-a4df-480770d92061,Nissan,Qashqai,2017,11990,116.0,Gasoline,127306,compact,Manual,BE,https://www.autoscout24.com/offers/nissan-qashqai-dig-t-n-connecta-gasoline-white-7d087411-e127-4c0b-a4df-480770d92061
67492e56-6e5f-4634-909d-4a8a6d9d5182,BMW,520,2017,17750,184.0,Gasoline,183734,compact,Automatic,NL,https://www.autoscout24.com/offers/bmw-520-520i-m-sport-memory-comfortstoel-trekhaak-gasoline-black-67492e56-6e5f-4634-909d-4a8a6d9d5182
98fe0187-4f57-4f27-a960-8bc8b819f7cf,Jaguar,F-Pace,2017,19900,241.0,Diesel,110000,compact,Automatic,IT,https://www.autoscout24.com/offers/jaguar-f-pace-f-pace-2015-2-0d-i4-r-sport-awd-240cv-auto-my18-diesel-grey-98fe0187-4f57-4f27-a960-8bc8b819f7cf
518b37eb-9376-4303-a485-724e3bef2ff4,Peugeot,3008,2017,16849,165.0,Gasoline,77095,compact,Automatic,DE,https://www.autoscout24.com/offers/peugeot-3008-allure-automatik-ahk-navi-tempomat-e-sitz-memory-p-gasoline-white-518b37eb-9376-4303-a485-724e3bef2ff4
041d612b-da63-46d7-ae6d-b0904f44915b,MINI,Cooper Countryman,2017,16950,136.0,Gasoline,98400,compact,Manual,NL,https://www.autoscout24.com/offers/mini-cooper-countryman-mini-1-5-coopernapnavicruisepdcairco-gasoline-black-041d612b-da63-46d7-ae6d-b0904f44915b
f08eb4b6-2225-4be9-b5cc-31aa7748cb72,BMW,X4,2017,20990,190.0,Diesel,110631,compact,Automatic,BE,https://www.autoscout24.com/offers/bmw-x4-xdrive-camera-cuir-sg-electriques-diesel-grey-f08eb4b6-2225-4be9-b5cc-31aa7748cb72
7de6b9a5-189c-423d-8963-c9fba6914ae9,Peugeot,5008,2017,12900,131.0,Gasoline,123400,compact,Manual,IT,https://www.autoscout24.com/offers/peugeot-5008-puretech-turbo-130-allure-s-s-gasoline-white-7de6b9a5-189c-423d-8963-c9fba6914ae9
6825bb44-ddfb-4e42-ba7f-b6fc6bda4def,Mitsubishi,Outlander,2017,12890,150.0,Diesel,137500,compact,Automatic,DE,https://www.autoscout24.com/offers/mitsubishi-outlander-2-2-di-d-edition-100-diesel-grey-6825bb44-ddfb-4e42-ba7f-b6fc6bda4def
9a88243c-ab41-4a3a-b927-23f8915305f3,Alfa Romeo,Stelvio,2017,23000,209.0,Diesel,67000,compact,Automatic,IT,https://www.autoscout24.com/offers/alfa-romeo-stelvio-stelvio-sport-edition-con-finanziamento-diesel-grey-9a88243c-ab41-4a3a-b927-23f8915305f3
ba06abd7-9cc2-4d40-8c2e-8a58c8c73491,Volkswagen,Tiguan,2017,18990,150.0,Gasoline,101850,compact,Automatic,AT,https://www.autoscout24.com/offers/volkswagen-tiguan-comfortline-tsi-act-dsg-gasoline-silver-ba06abd7-9cc2-4d40-8c2e-8a58c8c73491
76045211-09cc-4bce-92f6-1eb3715eb9f8,Mercedes-Benz,GLC 250,2017,28800,204.0,Diesel,70600,compact,Automatic,IT,https://www.autoscout24.com/offers/mercedes-benz-glc-250-glc-250-d-4matic-premium-diesel-blue-76045211-09cc-4bce-92f6-1eb3715eb9f8
2b1be88e-78cf-44aa-bde7-1447cead8b2c,Hyundai,i40,2017,12990,141.0,Diesel,113147,compact,Automatic,DE,https://www.autoscout24.com/offers/hyundai-i40-kombi-blue-1-7-crdi-dct-trend-diesel-2b1be88e-78cf-44aa-bde7-1447cead8b2c
fefb73da-149f-4e1a-9956-24a899bf6127,smart,forTwo,2017,25890,109.0,Gasoline,61584,compact,Automatic,IT,https://www.autoscout24.com/offers/smart-fortwo-fortwo-0-9-t-brabus-109cv-twinamic-gasoline-grey-fefb73da-149f-4e1a-9956-24a899bf6127
c4102ba1-0d68-42f3-92b1-1cef2056952a,Volkswagen,Tiguan Allspace,2017,22995,150.0,Diesel,133777,compact,Automatic,DE,https://www.autoscout24.com/offers/volkswagen-tiguan-allspace-highline-4motion-diesel-black-c4102ba1-0d68-42f3-92b1-1cef2056952a
ca2a3f23-bba5-4b43-b358-17ae9d0bb49a,Mercedes-Benz,A 200,2017,15590,156.0,Gasoline,125000,compact,Automatic,DE,https://www.autoscout24.com/offers/mercedes-benz-a-200-a-200-blueefficiency-aus-1-hand-12-monate-garantie-gasoline-grey-ca2a3f23-bba5-4b43-b358-17ae9d0bb49a
7850a0e2-fd83-4e3e-b6bb-e4f3393da33b,Ford,Grand C-Max,2017,8985,125.0,Gasoline,92041,compact,Manual,DE,https://www.autoscout24.com/offers/ford-grand-c-max-1-0ecob-cool-connectpdc-gjr-gasoline-black-7850a0e2-fd83-4e3e-b6bb-e4f3393da33b
eac61f57-fcf6-4944-8866-76d1e948dcdb,Peugeot,2008,2017,7995,110.0,Gasoline,194123,compact,Automatic,NL,https://www.autoscout24.com/offers/peugeot-2008-1-2-puretech-allure-gasoline-black-eac61f57-fcf6-4944-8866-76d1e948dcdb
7a82b356-bea9-4ad0-8bb3-d7538b7fa48e,Volvo,XC60,2017,28149,408.0,Electric/Gasoline,107715,compact,Automatic,NL,https://www.autoscout24.com/offers/volvo-xc60-2-0-t6-plug-in-hybrid-r-design-awd-electric-gasoline-black-7a82b356-bea9-4ad0-8bb3-d7538b7fa48e
2c80dc65-cf03-4a80-a0bc-3d6008fee2d0,Land Rover,Range Rover Evoque,2017,13990,150.0,Diesel,108091,compact,Automatic,IT,https://www.autoscout24.com/offers/land-rover-range-rover-evoque-2-0-td4-hse-150cv-5p-auto-my18-promo-diesel-grey-2c80dc65-cf03-4a80-a0bc-3d6008fee2d0
5d87ea0f-d8b9-44b8-a626-13f1d1690ab5,Ford,Kuga,2017,12450,120.0,Diesel,135000,compact,Manual,IT,https://www.autoscout24.com/offers/ford-kuga-2-serie-1-5-tdci-120-cv-s-s-2wd-st-line-diesel-black-5d87ea0f-d8b9-44b8-a626-13f1d1690ab5
cae891e9-0265-4d66-9859-e54d4e3c3c4d,Citroen,Spacetourer,2017,26188,179.0,Diesel,99263,compact,Automatic,DE,https://www.autoscout24.com/offers/citroen-spacetourer-business-m-2-0-180-l2-temp-navi-diesel-grey-cae891e9-0265-4d66-9859-e54d4e3c3c4d
8f65f732-718c-450f-9135-ce3e688cd0ee,Volkswagen,Passat,2017,12490,150.0,Gasoline,178285,compact,Manual,DE,https://www.autoscout24.com/offers/volkswagen-passat-comfortline-gasoline-silver-8f65f732-718c-450f-9135-ce3e688cd0ee
ba130013-27d7-49e5-aa1b-6a91b5f7eb20,BMW,530,2017,23990,265.0,Diesel,142264,compact,Automatic,AT,https://www.autoscout24.com/offers/bmw-530-d-xdrive-touring-aut-diesel-grey-ba130013-27d7-49e5-aa1b-6a91b5f7eb20
569e6af7-dc75-4fe9-beaf-0c0de25a0685,Kia,Sorento,2017,11980,200.0,Diesel,180000,compact,Manual,DE,https://www.autoscout24.com/offers/kia-sorento-2-2-crdi-vision-kamera-navi-shz-2xklima-diesel-black-569e6af7-dc75-4fe9-beaf-0c0de25a0685
6996defb-d79e-44a9-ae46-9ae2046d7fa2,Hyundai,TUCSON,2017,9500,116.0,Diesel,183123,compact,Manual,IT,https://www.autoscout24.com/offers/hyundai-tucson-tucson-1-7-crdi-motore-ko-sound-edition-iva-espost-diesel-white-6996defb-d79e-44a9-ae46-9ae2046d7fa2
de6a0433-a1b0-4f67-b824-79c2f8bd3d27,Opel,Astra,2017,11890,200.0,Gasoline,111560,compact,Manual,DE,https://www.autoscout24.com/offers/opel-astra-k-1-6-innovation-start-stop-apple-carplay-android-gasoline-grey-de6a0433-a1b0-4f67-b824-79c2f8bd3d27
9d0efa47-8c3e-409f-b06a-8dd619a8895a,Audi,A3,2017,19940,150.0,Gasoline,53900,compact,Automatic,DE,https://www.autoscout24.com/offers/audi-a3-sportback-s-tronic-led-alcantara-allwett-1hd-gasoline-grey-9d0efa47-8c3e-409f-b06a-8dd619a8895a
25253be3-42ac-4002-ac4d-cd79393533a4,Mercedes-Benz,GLC 250,2017,33900,204.0,Diesel,174500,compact,Automatic,AT,https://www.autoscout24.com/offers/mercedes-benz-glc-250-d-coupe-4matic-aut-diesel-silver-25253be3-42ac-4002-ac4d-cd79393533a4
badbbf13-3622-439a-aca6-1bbfe0810734,Tesla,Model X,2017,43000,795.0,Electric,26000,compact,Automatic,DE,https://www.autoscout24.com/offers/tesla-model-x-model-x-p90d-l--ahk--6seat--mcu2-electric-grey-badbbf13-3622-439a-aca6-1bbfe0810734
9374951c-3bf1-41ec-85ec-1a4d4a069dbc,Audi,A6,2017,24990,218.0,Diesel,83839,compact,Automatic,DE,https://www.autoscout24.com/offers/audi-a6-3-0-tdi-quattro-s-line-sport-diesel-red-9374951c-3bf1-41ec-85ec-1a4d4a069dbc
8a70b07b-5a2f-41bf-a724-134d8aa2c37b,Renault,Captur,2017,10222,90.0,Gasoline,22428,compact,Manual,DE,https://www.autoscout24.com/offers/renault-captur-experience-tce-90-allwetter-gasoline-grey-8a70b07b-5a2f-41bf-a724-134d8aa2c37b
15c4c844-6c14-4f65-b7a3-3b5d6972934a,Fiat,500,2017,10250,69.0,Gasoline,83151,compact,Manual,NL,https://www.autoscout24.com/offers/fiat-500-1-2-lounge--pdc--panorama--bordeaux-gasoline-red-15c4c844-6c14-4f65-b7a3-3b5d6972934a
1b8e2ca1-6209-4052-8f9d-3688088b66c7,Mercedes-Benz,CLA 200,2017,14900,136.0,Diesel,177045,compact,Automatic,IT,https://www.autoscout24.com/offers/mercedes-benz-cla-200-200-cdi-shooting-brake-sport-auto-fl-diesel-blue-1b8e2ca1-6209-4052-8f9d-3688088b66c7
37c77614-695f-415e-b063-effb99930523,Kia,Sportage,2017,14000,116.0,Diesel,49500,compact,Manual,IT,https://www.autoscout24.com/offers/kia-sportage-1-7-crdi-2wd-cool-diesel-black-37c77614-695f-415e-b063-effb99930523
1d5eb548-406f-4182-a55a-dffa9e0c5517,Mercedes-Benz,C 220,2017,22880,170.0,Diesel,200000,compact,Automatic,AT,https://www.autoscout24.com/offers/mercedes-benz-c-220-d-avantgarde-aut-amg-c63s-umbau-pano-amg-felgen-diesel-black-1d5eb548-406f-4182-a55a-dffa9e0c5517
7e7b0f03-8d0d-4fed-89f9-5cb2c799e96f,Audi,RS6,2017,44950,605.0,Gasoline,165266,compact,Automatic,NL,https://www.autoscout24.com/offers/audi-rs6-avant-4-0-tfsi-quattro-performance-pro-line-plus-6-gasoline-black-7e7b0f03-8d0d-4fed-89f9-5cb2c799e96f
64b2d52c-e177-448d-aa69-1eb9b027ba84,Mercedes-Benz,GLA 180,2017,18500,122.0,Gasoline,127345,compact,Automatic,NL,https://www.autoscout24.com/offers/mercedes-benz-gla-180-business-solution-camera-trekhaak-lm-cruise-ecc-gasoline-black-64b2d52c-e177-448d-aa69-1eb9b027ba84
ae0bb538-f572-48a2-951e-fd9e4203f689,Audi,RS6,2017,59900,605.0,Gasoline,106680,compact,Automatic,NL,https://www.autoscout24.com/offers/audi-rs6-4-0-v8-tfsi-quattro-605pk-performance--akrapovic-gasoline-grey-ae0bb538-f572-48a2-951e-fd9e4203f689
2ca886d0-2116-4f32-a014-ca7cfffdbbd1,Mercedes-Benz,CLA 200,2017,17900,136.0,Diesel,134000,compact,Automatic,IT,https://www.autoscout24.com/offers/mercedes-benz-cla-200-shooting-brake-200-d-premium-4matic-automatica-diesel-white-2ca886d0-2116-4f32-a014-ca7cfffdbbd1
408419d7-3957-43ea-9a93-b2fbd70888cf,Citroen,Berlingo,2017,11975,120.0,Diesel,68980,compact,Manual,DE,https://www.autoscout24.com/offers/citroen-berlingo-multispace-bluehdi-120-s-s-shine-diesel-grey-408419d7-3957-43ea-9a93-b2fbd70888cf
3e10a364-ec15-4abf-ba1a-37b58095e601,Ford,C-Max,2017,6000,125.0,Gasoline,80000,compact,Manual,DE,https://www.autoscout24.com/offers/ford-c-max-c-max-cool-connect-navi-gasoline-black-3e10a364-ec15-4abf-ba1a-37b58095e601
5e7fc11f-3a48-484b-8883-f27019638d89,Jeep,Grand Cherokee,2017,59990,468.0,Gasoline,57000,compact,Automatic,AT,https://www.autoscout24.com/offers/jeep-grand-cherokee-6-4-v8-hemi-srt-gasoline-red-5e7fc11f-3a48-484b-8883-f27019638d89
2d69c878-f2e3-42b8-8884-e4a7b5901ba8,Volkswagen,Tiguan,2017,16990,125.0,Gasoline,68035,compact,Manual,BE,https://www.autoscout24.com/offers/volkswagen-tiguan-tiguan-comfortline-1-4-tsi-bmt-92-kw-125-ch-6-vitesses-manuel-gasoline-grey-2d69c878-f2e3-42b8-8884-e4a7b5901ba8
36398ac0-f205-4b3b-ad1b-944bff3c1f5e,Volkswagen,Amarok,2017,23979,224.0,Diesel,194663,compact,Automatic,DE,https://www.autoscout24.com/offers/volkswagen-amarok-dc-highline-4motion-xenon-navi-ahzv-leder-shz-rfk-diesel-silver-36398ac0-f205-4b3b-ad1b-944bff3c1f5e
b085b18d-9ac3-4d64-8c3b-93c8f79eeac0,BMW,X1,2017,21480,192.0,Gasoline,88200,compact,Automatic,DE,https://www.autoscout24.com/offers/bmw-x1-xdrive20i-sport-line-4-99-finan-head-up-navi-pan-gasoline-black-b085b18d-9ac3-4d64-8c3b-93c8f79eeac0
9093714c-43c5-4af5-bf55-a32cf2efc2f6,Audi,SQ5,2017,31990,340.0,Diesel,112358,compact,Automatic,DE,https://www.autoscout24.com/offers/audi-sq5-3-0-tdi-plus-quattrorautepanostdhzb-o-diesel-blue-9093714c-43c5-4af5-bf55-a32cf2efc2f6
70102fc5-1ab4-44fd-be2f-85a0fb15643c,MINI,Cooper SD Coupe,2017,16900,170.0,Diesel,87000,compact,Automatic,IT,https://www.autoscout24.com/offers/mini-cooper-sd-coupe-cooper-sd-boost-automatica-tetto-navi-unicoproprietario-diesel-black-70102fc5-1ab4-44fd-be2f-85a0fb15643c
e340334e-5620-4a51-a3bb-b69d3b787340,Opel,Mokka X,2017,10750,116.0,Gasoline,41000,compact,Manual,DE,https://www.autoscout24.com/offers/opel-mokka-x-1-6-selection-eu6-klima-tempomat-gasoline-black-e340334e-5620-4a51-a3bb-b69d3b787340
7a65bdb1-756b-4a0b-b2fa-59c8e605ab36,Opel,Adam,2017,9999,150.0,Gasoline,125750,compact,Manual,DE,https://www.autoscout24.com/offers/opel-adam-klima-sitzheizung-radio-r4-0-lenkradheizung-gasoline-white-7a65bdb1-756b-4a0b-b2fa-59c8e605ab36
21f9fba4-0917-4422-88b0-9d7a4a6b8a7d,Land Rover,Discovery,2017,29950,258.0,Diesel,70000,compact,Automatic,BE,https://www.autoscout24.com/offers/land-rover-discovery-discovery-5-3-0-td6-hse-euro-6b-7-places-7-seats-7-plaats-diesel-black-21f9fba4-0917-4422-88b0-9d7a4a6b8a7d
4799222b-0cfe-41f6-95cf-33e5373c8a8b,Audi,A3,2017,18445,150.0,Gasoline,114367,compact,Automatic,NL,https://www.autoscout24.com/offers/audi-a3-sportback-1-5-tfsi-150pk-sport-s-line-edition-auto-gasoline-grey-4799222b-0cfe-41f6-95cf-33e5373c8a8b
bba5e827-a483-4bfc-9217-98a2693ddc95,Mercedes-Benz,CLA 180,2017,14980,122.0,Gasoline,101290,compact,Manual,DE,https://www.autoscout24.com/offers/mercedes-benz-cla-180-cla-180-shooting-brake-urban-navi-led-gasoline-grey-bba5e827-a483-4bfc-9217-98a2693ddc95
be2141a6-fcc8-4df8-83c8-d0afc0f93410,Audi,A5,2017,24950,190.0,Diesel,89997,compact,Automatic,IT,https://www.autoscout24.com/offers/audi-a5-sportback-2-0-tdi-190-cv-quattro-s-tronic-sport-diesel-black-be2141a6-fcc8-4df8-83c8-d0afc0f93410
8e9f2886-e5a5-4bf3-8a3c-82d8ed298e16,BMW,X6 M,2017,49950,575.0,Gasoline,76000,compact,Automatic,DE,https://www.autoscout24.com/offers/bmw-x6-m-black-fire-edition-bang-olufsen-s-dach-tv-gasoline-black-8e9f2886-e5a5-4bf3-8a3c-82d8ed298e16
528412b6-4af9-4b11-adba-171599258a92,Fiat,500,2017,8900,69.0,Gasoline,128000,compact,Manual,IT,https://www.autoscout24.com/offers/fiat-500-1-2-pop-69cv-gasoline-orange-528412b6-4af9-4b11-adba-171599258a92
7f3c8f12-43c0-4ba4-a81f-6be89c6565ee,Renault,Kangoo,2017,9490,110.0,Diesel,78300,compact,Manual,DE,https://www.autoscout24.com/offers/renault-kangoo-rapid-extra-klima-navi-rapid-extra-diesel-7f3c8f12-43c0-4ba4-a81f-6be89c6565ee
b14d8d13-33a5-421e-a43f-bd44117332e4,Porsche,Cayenne,2017,36400,385.0,Diesel,162000,compact,Automatic,DE,https://www.autoscout24.com/offers/porsche-cayenne-s-diesel-platinum-edition-pdls-pasm-diesel-white-b14d8d13-33a5-421e-a43f-bd44117332e4
d2bb53d4-7b5d-4080-b799-12e2ccf1bf96,Fiat,500,2017,9899,86.0,Gasoline,75500,compact,Automatic,DE,https://www.autoscout24.com/offers/fiat-500-1-4-automatik-klima-gasoline-black-d2bb53d4-7b5d-4080-b799-12e2ccf1bf96
1d3439b8-b9bb-47da-b84a-97b81288d014,smart,forFour,2017,13900,71.0,Gasoline,51016,compact,Automatic,IT,https://www.autoscout24.com/offers/smart-forfour-1-0-passion-71cv-twinamic-gasoline-black-1d3439b8-b9bb-47da-b84a-97b81288d014
a55e880c-6776-4e3a-b4a1-54e33c7c88c9,Audi,A8,2017,47800,286.0,Diesel,93000,compact,Automatic,AT,https://www.autoscout24.com/offers/audi-a8-50-lang-tdi-quattro-tiptronic-neupreis-170-000-diesel-grey-a55e880c-6776-4e3a-b4a1-54e33c7c88c9
4573d572-90cf-49b0-b8c4-6e2d908841b7,Volkswagen,Polo,2017,8950,97.0,Gasoline,145294,compact,Manual,NL,https://www.autoscout24.com/offers/volkswagen-polo-1-0-bluemotion-connected-series--navigatie--app-gasoline-blue-4573d572-90cf-49b0-b8c4-6e2d908841b7
d05fb742-cce7-4991-abb6-83fa120d31c5,BMW,420,2017,14990,163.0,Diesel,199447,compact,Automatic,BE,https://www.autoscout24.com/offers/bmw-420-gran-coupe-historique-full-bmw-toit-pano-ouvrant-diesel-grey-d05fb742-cce7-4991-abb6-83fa120d31c5
05ef719b-cac7-489f-8500-7a031740fdb1,Mitsubishi,Outlander,2017,17490,150.0,Gasoline,46549,compact,Manual,DE,https://www.autoscout24.com/offers/mitsubishi-outlander-diamant-edition-2wd-klima-tempo-rueckfahrkamera-gasoline-black-05ef719b-cac7-489f-8500-7a031740fdb1
7f232267-84a6-4eb7-abf7-b6f5a7a9d700,Citroen,Spacetourer,2017,21950,116.0,Diesel,121188,compact,Manual,NL,https://www.autoscout24.com/offers/citroen-spacetourer-1-6-bluehdi-115-m-s-s-business-marge-geen-btw-b-diesel-grey-7f232267-84a6-4eb7-abf7-b6f5a7a9d700
5a72cfac-d23a-4471-b6ee-d659484de787,Opel,Mokka X,2017,9999,110.0,Diesel,97000,compact,Manual,BE,https://www.autoscout24.com/offers/opel-mokka-x-mokka-x-1-6-cdti-ecotec-d-innovation-start-stop-diesel-grey-5a72cfac-d23a-4471-b6ee-d659484de787
2d71b53d-456d-4e6c-b7bf-5102ed6547ae,Renault,Clio,2017,8800,90.0,Gasoline,61900,compact,Manual,IT,https://www.autoscout24.com/offers/renault-clio-clio-iv-2017-0-9-tce-energy-excite-90cv-gasoline-beige-2d71b53d-456d-4e6c-b7bf-5102ed6547ae
bed743a8-b526-4187-a2f3-c096fd06cfaf,Volkswagen,Polo,2017,9660,75.0,Gasoline,82259,compact,Manual,DE,https://www.autoscout24.com/offers/volkswagen-polo-1-0-sound-bm-pdc-shz-tempo-klima-garantie-gasoline-black-bed743a8-b526-4187-a2f3-c096fd06cfaf
32c28b68-2bf4-4b9b-994c-a9ea36d356d3,Renault,Twingo,2017,8450,71.0,Gasoline,34119,compact,Manual,NL,https://www.autoscout24.com/offers/renault-twingo-1-0-sce-limited-airco-lm-velgen-gasoline-white-32c28b68-2bf4-4b9b-994c-a9ea36d356d3
1ccc72c8-b5a8-4af2-939c-379b1678eed7,Ford,Mondeo,2017,12995,160.0,Gasoline,144945,compact,Manual,NL,https://www.autoscout24.com/offers/ford-mondeo-wagon-1-5-st-line-airco-ecc--trekhaak--cruise-co-gasoline-black-1ccc72c8-b5a8-4af2-939c-379b1678eed7
54fbfe8b-f164-4ae4-86eb-8b7fbf1f5df6,Volvo,XC60,2017,22410,190.0,Diesel,74600,compact,Automatic,DE,https://www.autoscout24.com/offers/volvo-xc60-summum-nav-xenon-gra-memory-pdc-shz-diesel-black-54fbfe8b-f164-4ae4-86eb-8b7fbf1f5df6
c322264b-c1c9-4291-886f-539b46c866b9,Audi,A5,2017,22900,218.0,Diesel,163580,compact,Automatic,NL,https://www.autoscout24.com/offers/audi-a5-3-0-tdi-quattro-s-line--sfeer--virtual--clima--diesel-white-c322264b-c1c9-4291-886f-539b46c866b9
41fb132c-236f-4dec-b0d3-fd2893731a1f,BMW,530,2017,16950,184.0,Electric/Gasoline,224334,compact,Automatic,NL,https://www.autoscout24.com/offers/bmw-530-5-serie-530e-hybride-2017-sedan-schuifdak-nieuw-mo-electric-gasoline-brown-41fb132c-236f-4dec-b0d3-fd2893731a1f
54b72650-d010-414f-ba89-6dd8731e83cf,Opel,Mokka X,2017,13990,140.0,Gasoline,60112,compact,Automatic,DE,https://www.autoscout24.com/offers/opel-mokka-x-on-bluetooth-klima-einparkhilfe-gasoline-black-54b72650-d010-414f-ba89-6dd8731e83cf
31ee55a0-5a4b-4ad8-8a06-aac8b6e28b68,Opel,Insignia,2017,13980,165.0,Gasoline,98817,compact,Manual,DE,https://www.autoscout24.com/offers/opel-insignia-grand-sport-innovation-1-5-standhzg-navi-led-kurve-gasoline-silver-31ee55a0-5a4b-4ad8-8a06-aac8b6e28b68
c708c100-6669-475f-be25-a6cf9c46f06d,Peugeot,3008,2017,13699,131.0,Gasoline,94612,compact,Manual,NL,https://www.autoscout24.com/offers/peugeot-3008-1-2-puretech-gt-line-schuifdak-gasoline-white-c708c100-6669-475f-be25-a6cf9c46f06d
afe02b4f-462e-4bc3-b1e0-2942cb554c2f,Peugeot,5008,2017,10499,131.0,Gasoline,183847,compact,Manual,NL,https://www.autoscout24.com/offers/peugeot-5008-1-2-gt-line-opendak-keyless-parks-carplay-nap-gasoline-grey-afe02b4f-462e-4bc3-b1e0-2942cb554c2f
c2fd42c8-761a-4fe4-9da9-2c47698c201d,Toyota,C-HR,2017,17950,,Electric/Gasoline,90661,compact,Automatic,NL,https://www.autoscout24.com/offers/toyota-c-hr-1-8-hybrid-bi-tone-hev--adap-cruise--camera--s-electric-gasoline-grey-c2fd42c8-761a-4fe4-9da9-2c47698c201d
b9c8d627-7b4e-427a-93ef-e5f3b03b1816,Fiat,Fullback,2017,17500,181.0,Diesel,258000,compact,Manual,IT,https://www.autoscout24.com/offers/fiat-fullback-fullback-2-4-doppia-cabina-lx-4wd-s-diesel-grey-b9c8d627-7b4e-427a-93ef-e5f3b03b1816
918a34d6-d737-47d2-88fd-4da6dd5af4be,Dacia,Sandero,2017,8490,90.0,Gasoline,69050,compact,Manual,DE,https://www.autoscout24.com/offers/dacia-sandero-stepway-prestige-ahk-start-stopp-gasoline-white-918a34d6-d737-47d2-88fd-4da6dd5af4be
7f4ebb0d-9bdb-46a2-acc1-ee408a001220,Opel,Astra,2017,3700,110.0,Diesel,300000,compact,Manual,IT,https://www.autoscout24.com/offers/opel-astra-opel-astra-1-6-diesel-anno-2017-euro-6-diesel-grey-7f4ebb0d-9bdb-46a2-acc1-ee408a001220
8e1451a5-1d7f-4058-990c-e5688a2644b3,Audi,Q2,2017,12890,150.0,Gasoline,186000,compact,Automatic,DE,https://www.autoscout24.com/offers/audi-q2-s-tronic-2-hand-pdc-sitzheizung-tempomat-gasoline-white-8e1451a5-1d7f-4058-990c-e5688a2644b3
b4ad0fdd-e234-4283-8395-bccda18dd1b8,Mercedes-Benz,B 160,2017,17490,102.0,Gasoline,39667,compact,Automatic,BE,https://www.autoscout24.com/offers/mercedes-benz-b-160-amg-pack-navi-camera-cruise-led-gasoline-white-b4ad0fdd-e234-4283-8395-bccda18dd1b8
43c5c555-4d31-453c-9fb4-bcb64482ef19,Audi,Q2,2017,16900,116.0,Gasoline,104000,compact,Automatic,BE,https://www.autoscout24.com/offers/audi-q2-audi-q2-boite-auto-12-mois-de-garantie-gasoline-grey-43c5c555-4d31-453c-9fb4-bcb64482ef19
d88c3e24-4a8c-4342-9e3d-b9e3d081a954,Abarth,595,2017,20700,179.0,Gasoline,18900,compact,Manual,IT,https://www.autoscout24.com/offers/abarth-595-595-1-4-t-jet-competizione-180cv-gasoline-gold-d88c3e24-4a8c-4342-9e3d-b9e3d081a954
b9d0b82c-0da8-4388-91e9-e9d8b59d68bf,Nissan,Qashqai,2017,10950,116.0,Gasoline,190740,compact,Manual,NL,https://www.autoscout24.com/offers/nissan-qashqai-1-2-tekna-clima360camerapanocruisenap-gasoline-black-b9d0b82c-0da8-4388-91e9-e9d8b59d68bf
7c34a7d6-f23d-4720-bf83-5fa6af63cc22,Maserati,Levante,2017,33990,275.0,Diesel,82620,compact,Automatic,DE,https://www.autoscout24.com/offers/maserati-levante-gran-lusso-pano-luft-h-k-sound-ahk-traum-diesel-blue-7c34a7d6-f23d-4720-bf83-5fa6af63cc22
e827fb09-3651-4705-9660-a59fd5dbdad6,Peugeot,3008,2017,13900,165.0,Gasoline,96000,compact,Automatic,DE,https://www.autoscout24.com/offers/peugeot-3008-allure-1-6-thp-automatik-gasoline-grey-e827fb09-3651-4705-9660-a59fd5dbdad6
21cafe7f-9b40-4bdc-adf8-b532c1e851ec,Audi,Q2,2017,18900,150.0,Diesel,40148,compact,Semi-automatic,IT,https://www.autoscout24.com/offers/audi-q2-q2-2-0-tdi-quattro-s-tronic-business-diesel-blue-21cafe7f-9b40-4bdc-adf8-b532c1e851ec
73bd4954-9588-472d-9f88-2b9d83056253,Hyundai,TUCSON,2017,15490,177.0,Gasoline,136627,compact,Automatic,DE,https://www.autoscout24.com/offers/hyundai-tucson-advantage-1-hand-allrad-rueckfahrkamera-gasoline-blue-73bd4954-9588-472d-9f88-2b9d83056253
32f966de-aa73-46e0-8332-df77b3c54c28,Audi,A6,2017,28989,320.0,Diesel,118450,compact,Automatic,DE,https://www.autoscout24.com/offers/audi-a6-avant-3-0-tdi-s-line-luftfederung-pano-bose-diesel-grey-32f966de-aa73-46e0-8332-df77b3c54c28
4adcf964-d3bc-4404-87e0-420c168a6ad7,Peugeot,308,2017,10400,131.0,Gasoline,102000,compact,Automatic,DE,https://www.autoscout24.com/offers/peugeot-308-allure-bluetooth-navi-led-klima-einparkhilfe-gasoline-red-4adcf964-d3bc-4404-87e0-420c168a6ad7
b79c2fb5-89ea-41bd-b9dd-38078dcb7cc3,Audi,A6,2017,21990,252.0,Gasoline,117000,compact,Automatic,DE,https://www.autoscout24.com/offers/audi-a6-avant-2-0-tfsi-quattro-navi-led-ahk-garantie-gasoline-blue-b79c2fb5-89ea-41bd-b9dd-38078dcb7cc3
f1b1a80e-807d-4af6-92ee-654a1b1c8796,Hyundai,i20,2017,7900,75.0,Diesel,120732,compact,Manual,IT,https://www.autoscout24.com/offers/hyundai-i20-1-1-crdi-12v-5-porte-style-diesel-grey-f1b1a80e-807d-4af6-92ee-654a1b1c8796
35905d85-be58-492b-b452-12460bd97dca,Alfa Romeo,Giulia,2017,60800,510.0,Gasoline,62000,compact,Automatic,IT,https://www.autoscout24.com/offers/alfa-romeo-giulia-2-9-t-v6-quadrifoglio-510cv-auto-49836-iva-espos-gasoline-red-35905d85-be58-492b-b452-12460bd97dca
96c85946-8d4f-43d5-9529-5cb0d6eb4e2b,Audi,Q2,2017,18390,150.0,Gasoline,66160,compact,Automatic,DE,https://www.autoscout24.com/offers/audi-q2-1-4-tfsi-s-line-s-tro-navi-sportsitze-teilled-gasoline-grey-96c85946-8d4f-43d5-9529-5cb0d6eb4e2b
da61507c-3c62-44b5-b748-54edd20f0d6a,Mercedes-Benz,SLC 200,2017,21800,184.0,Gasoline,117356,compact,Automatic,DE,https://www.autoscout24.com/offers/mercedes-benz-slc-200-slc-200-panorama-led-navi-gasoline-silver-da61507c-3c62-44b5-b748-54edd20f0d6a
e3e650f9-cd1d-457f-9496-9f534551ff7c,MINI,John Cooper Works Clubman,2017,21950,232.0,Gasoline,100468,compact,Automatic,NL,https://www.autoscout24.com/offers/mini-john-cooper-works-clubman-mini-2-0-jcw-all4-chili-gasoline-black-e3e650f9-cd1d-457f-9496-9f534551ff7c
69877de8-5513-45fd-9e94-8c10f4e1ee04,BMW,X3,2017,12900,190.0,Diesel,206000,compact,Automatic,IT,https://www.autoscout24.com/offers/bmw-x3-x3-xdrive20d-business-advantage-aut-diesel-grey-69877de8-5513-45fd-9e94-8c10f4e1ee04
db333a16-1489-4a5f-9365-612af01035b3,Mazda,3,2017,15990,120.0,Gasoline,52500,compact,Manual,DE,https://www.autoscout24.com/offers/mazda-3-2-0-exclusive-line-navi-kamera-headup-display-sit-gasoline-black-db333a16-1489-4a5f-9365-612af01035b3
d414031d-44b9-4226-8c84-7a316101f298,Hyundai,TUCSON,2017,14900,141.0,Diesel,117849,compact,Automatic,IT,https://www.autoscout24.com/offers/hyundai-tucson-tucson-1-7-crdi-xpossible-2wd-141cv-dct-tetto-apribile-diesel-grey-d414031d-44b9-4226-8c84-7a316101f298
2805e324-4810-459c-ad7a-a80a8d6d27ec,Ford,Kuga,2017,14640,182.0,Gasoline,51787,compact,Automatic,DE,https://www.autoscout24.com/offers/ford-kuga-1-5-ecoboost-titanium-aut-navi-tempo-pdc-gasoline-white-2805e324-4810-459c-ad7a-a80a8d6d27ec
467ef7c1-ebb5-4b59-954d-df70720e9244,MINI,John Cooper Works,2017,14550,136.0,Gasoline,90253,compact,Manual,NL,https://www.autoscout24.com/offers/mini-john-cooper-works-1-5-cooper-jcw-kings-cross-navigatie-cruisecontro-gasoline-blue-467ef7c1-ebb5-4b59-954d-df70720e9244
a13d581f-572b-49ae-a1ee-951e591480a2,MINI,Cooper D Clubman,2017,13900,150.0,Diesel,147000,compact,Automatic,IT,https://www.autoscout24.com/offers/mini-cooper-d-clubman-mini-clubman-2-0-cooper-d-auto-diesel-orange-a13d581f-572b-49ae-a1ee-951e591480a2
8a535e55-ac3d-4064-a426-0e7652204e95,Ford,Focus,2017,15590,250.0,Gasoline,89000,compact,Manual,DE,https://www.autoscout24.com/offers/ford-focus-2-0-st-perf-black-19-leder-8fach-acauto-gasoline-blue-8a535e55-ac3d-4064-a426-0e7652204e95
aa5e18df-330a-420d-91b9-db85a002af61,Audi,Q2,2017,17750,150.0,Gasoline,65000,compact,Automatic,DE,https://www.autoscout24.com/offers/audi-q2-sport-automatik-led-navi-gasoline-white-aa5e18df-330a-420d-91b9-db85a002af61
2a6a2909-21a8-4c25-a922-5dd0e8e78fcc,Fiat,124 Spider,2017,16300,140.0,Gasoline,54000,compact,Manual,DE,https://www.autoscout24.com/offers/fiat-124-spider-lusso-sehr-gepflegt-gasoline-grey-2a6a2909-21a8-4c25-a922-5dd0e8e78fcc
ae693f8b-c29a-41cb-b97c-d4bd426239f9,SEAT,Leon,2017,12280,110.0,Gasoline,49507,compact,Manual,DE,https://www.autoscout24.com/offers/seat-leon-1-2-tsi-style-tempomat-regensensor-sitzhzg-gasoline-black-ae693f8b-c29a-41cb-b97c-d4bd426239f9
d76280fb-b98e-41cf-b758-e8454faa895c,Renault,Talisman,2017,13849,150.0,Gasoline,115712,compact,Automatic,NL,https://www.autoscout24.com/offers/renault-talisman-1-6-tce-energy-intens-gasoline-grey-d76280fb-b98e-41cf-b758-e8454faa895c
8cc8945e-911e-41e8-a5f5-f882dd0c6760,Toyota,Aygo,2017,8750,69.0,Gasoline,54272,compact,Manual,NL,https://www.autoscout24.com/offers/toyota-aygo-1-0-vvt-i-69pk-5d-x-now-gasoline-grey-8cc8945e-911e-41e8-a5f5-f882dd0c6760
73a3b9bf-4826-4cfd-b729-d03199a0aad8,BMW,M3,2017,74990,450.0,Gasoline,38617,compact,Automatic,AT,https://www.autoscout24.com/offers/bmw-m3-m-dkg-competition-garantie-finanzierung-ab--gasoline-grey-73a3b9bf-4826-4cfd-b729-d03199a0aad8
d7597fd6-4111-4a8b-90e0-17574944c6f4,Mitsubishi,Outlander,2017,11650,150.0,Gasoline,183964,compact,Manual,DE,https://www.autoscout24.com/offers/mitsubishi-outlander-edition-100-2-0-mivec-cleartec-led-kamera-tempomat-gasoline-black-d7597fd6-4111-4a8b-90e0-17574944c6f4
57292b0f-0ea2-4ea0-9855-d514803cf1ab,Suzuki,Vitara,2017,14950,120.0,Gasoline,98918,compact,Manual,NL,https://www.autoscout24.com/offers/suzuki-vitara-1-6-high-executive-pano-airco-ecc-navi-leer-1e-eig-gasoline-blue-57292b0f-0ea2-4ea0-9855-d514803cf1ab
69e352ac-2a90-43d4-8b71-1fff79a6b6e2,Audi,SQ5,2017,21900,326.0,Diesel,193122,compact,Semi-automatic,DE,https://www.autoscout24.com/offers/audi-sq5-3-0-tdi-competition-quattro-pano-standheiz-diesel-grey-69e352ac-2a90-43d4-8b71-1fff79a6b6e2
00ab6568-77bd-42c6-befa-9329cc0e4b97,Ford,Fiesta,2017,6999,75.0,Diesel,89000,compact,Manual,IT,https://www.autoscout24.com/offers/ford-fiesta-1-5-tdci-75cv-5-porte-st-line-diesel-grey-00ab6568-77bd-42c6-befa-9329cc0e4b97
03b45dca-2735-42e7-a420-defe4eea05ae,Dacia,Sandero,2017,5400,90.0,Diesel,222000,compact,Manual,IT,https://www.autoscout24.com/offers/dacia-sandero-stepway-1-5-dci-8v-90cv-start-stop-easy-r-diesel-blue-03b45dca-2735-42e7-a420-defe4eea05ae
315fcfa3-e467-4ce6-b25c-ff84005dd185,BMW,X1,2017,16900,150.0,Diesel,98900,compact,Automatic,IT,https://www.autoscout24.com/offers/bmw-x1-x1-sdrive18d-xline-diesel-white-315fcfa3-e467-4ce6-b25c-ff84005dd185
9ad2274b-0480-43d7-9360-6eeda2194f7b,Audi,Q5,2017,21490,220.0,Gasoline,104928,compact,Automatic,NL,https://www.autoscout24.com/offers/audi-q5-2-0-tfsi-quattro-s-line-facelift-pano-xenon-gasoline-grey-9ad2274b-0480-43d7-9360-6eeda2194f7b
c9bfcd81-daa6-4171-82e7-7d8146322ca6,Renault,Scenic,2017,10999,110.0,Diesel,137536,compact,Manual,BE,https://www.autoscout24.com/offers/renault-scenic-1-5-dci-energy-intens-garantie-gps-camera-diesel-grey-c9bfcd81-daa6-4171-82e7-7d8146322ca6
d51fef39-e229-4d13-a14e-562e532feddc,Fiat,Doblo,2017,7000,95.0,Diesel,137247,compact,Manual,IT,https://www.autoscout24.com/offers/fiat-doblo-1-3-mjt-pl-maxi-n1-2017-diesel-yellow-d51fef39-e229-4d13-a14e-562e532feddc
d568a0f4-e6ee-444f-a56c-78a57876c9a0,smart,forFour,2017,8990,71.0,Gasoline,62590,compact,Manual,DE,https://www.autoscout24.com/offers/smart-forfour-gasoline-silver-d568a0f4-e6ee-444f-a56c-78a57876c9a0
ea8eceaf-8f6a-425a-9e72-5c3510bd7841,Nissan,Qashqai,2017,12500,116.0,Gasoline,107322,compact,Manual,NL,https://www.autoscout24.com/offers/nissan-qashqai-1-2-n-connecta-goed-onderhouden-en-luxe-o-a-nav-gasoline-black-ea8eceaf-8f6a-425a-9e72-5c3510bd7841
175aee58-01f4-45d6-8233-3e1018e8e01c,Mercedes-Benz,AMG GT,2017,104990,476.0,Gasoline,20637,compact,Automatic,BE,https://www.autoscout24.com/offers/mercedes-benz-amg-gt-v8-biturbo-gasoline-red-175aee58-01f4-45d6-8233-3e1018e8e01c
71966408-9515-48f6-be23-7d687c44d754,Volkswagen,Sharan,2017,18370,150.0,Gasoline,81531,compact,Manual,DE,https://www.autoscout24.com/offers/volkswagen-sharan-1-4-tsi-highline-bm-pdc-shz-klima-alu-gasoline-black-71966408-9515-48f6-be23-7d687c44d754
f6e10a1f-a007-4463-9856-c509fcf3651a,Volkswagen,Golf,2017,14190,150.0,Gasoline,104000,compact,Automatic,DE,https://www.autoscout24.com/offers/volkswagen-golf-vii-lim-comfortline-ahk-2zk-pano-led-gasoline-blue-f6e10a1f-a007-4463-9856-c509fcf3651a
98425942-f45a-430a-96ff-c301a7192673,Opel,Vivaro,2017,22950,125.0,Diesel,96616,compact,Manual,DE,https://www.autoscout24.com/offers/opel-vivaro-b-1-6-biturbo-l2h1-2-9t-sport-9xsitzer-navi-alu-diesel-white-98425942-f45a-430a-96ff-c301a7192673
30b0db08-685c-4e8f-a040-aeb7d84b9df8,Ford,Fiesta,2017,11200,101.0,Gasoline,93464,compact,Manual,NL,https://www.autoscout24.com/offers/ford-fiesta-1-0-ecoboost-titanium-1e-eigenaar--volledig-onder-gasoline-grey-30b0db08-685c-4e8f-a040-aeb7d84b9df8
cc8289ac-3206-4946-bbb1-3d50b237633e,Ford,Focus,2017,10950,150.0,Diesel,135461,compact,Automatic,BE,https://www.autoscout24.com/offers/ford-focus-2-0-tdci-business-powershift-garantie-1an-diesel-grey-cc8289ac-3206-4946-bbb1-3d50b237633e
4c12a13e-99ce-4ff6-9dd1-6ad6a05c3032,SEAT,Leon,2017,16400,179.0,Gasoline,77300,compact,Manual,DE,https://www.autoscout24.com/offers/seat-leon-st-fr-1-8-tsi-1-hand-navi-ahk-voll-led-garantie-gasoline-grey-4c12a13e-99ce-4ff6-9dd1-6ad6a05c3032
f0d34edd-0de7-4e9a-90bd-d241ca08137e,Ford,Kuga,2017,12990,150.0,Gasoline,84000,compact,Manual,DE,https://www.autoscout24.com/offers/ford-kuga-titanium-kamera-navi-allwetterr-winter-p-gasoline-blue-f0d34edd-0de7-4e9a-90bd-d241ca08137e
e34d8c56-e613-4922-b7ff-cb833ee8f60c,Nissan,X-Trail,2017,13900,163.0,Gasoline,141000,compact,Manual,DE,https://www.autoscout24.com/offers/nissan-x-trail-1-6-dig-t-n-connecta-4x2-navi-360-grad-8-fac-gasoline-grey-e34d8c56-e613-4922-b7ff-cb833ee8f60c
a1f7b71d-1b9e-4cbe-a32f-b4068723cdb4,Kia,Rio,2017,9980,84.0,Gasoline,59054,compact,Manual,DE,https://www.autoscout24.com/offers/kia-rio-dream-team-allwetter-lhz-pdc-klimaaut-usb-alu-mult-gasoline-blue-a1f7b71d-1b9e-4cbe-a32f-b4068723cdb4
bdd80d1d-8b23-4e65-ac50-45ac1b91f32f,Land Rover,Range Rover Evoque,2017,31750,150.0,Diesel,98700,compact,Automatic,DE,https://www.autoscout24.com/offers/land-rover-range-rover-evoque-cabriolet-hse-automatik-leder-klima-navi-perf-diesel-orange-bdd80d1d-8b23-4e65-ac50-45ac1b91f32f
da95b69d-c63f-4acc-b4fd-a24d4d8e36ed,Audi,Q2,2017,16490,150.0,Diesel,256261,compact,Automatic,NL,https://www.autoscout24.com/offers/audi-q2-2-0-tdi-quattro-sport-pro-line-s-diesel-grey-da95b69d-c63f-4acc-b4fd-a24d4d8e36ed
